category_name,table_name,type_id,metric_id,submetric_id,date_value,budget_value,version_id
P&L consolidé,financial_metrics_data,29,None,None,2026-08-01,8690.55125049792,333
P&L consolidé,financial_annual_data,29,None,None,2026-01-01,101745.376836135,333
P&L consolidé,financial_metrics_data,None,79,None,2026-08-01,8690.55125049792,333
P&L consolidé,financial_annual_data,None,79,None,2026-01-01,101745.376836135,333
P&L consolidé,financial_metrics_data,None,None,11,2026-08-01,8690.55125049792,333
P&L consolidé,financial_annual_data,None,None,11,2026-01-01,101745.376836135,333
P&L consolidé,financial_metrics_data,None,80,None,2026-08-01,-1505.9209412486,333
P&L consolidé,financial_annual_data,None,80,None,2026-01-01,-17731.0991903819,333
P&L consolidé,financial_metrics_data,None,None,12,2026-08-01,-1505.9209412486,333
P&L consolidé,financial_annual_data,None,None,12,2026-01-01,-17731.0991903819,333
P&L consolidé,financial_metrics_data,None,None,13,2026-08-01,-1505.9209412486,333
P&L consolidé,financial_annual_data,None,None,13,2026-01-01,-17731.0991903819,333
P&L consolidé,financial_metrics_data,None,81,None,2026-08-01,7184.63030924932,333
P&L consolidé,financial_annual_data,None,81,None,2026-01-01,84014.2776457526,333
P&L consolidé,financial_metrics_data,None,None,14,2026-08-01,0.826717443135461,333
P&L consolidé,financial_annual_data,None,None,14,2026-01-01,0.82573066470687,333
P&L consolidé,financial_metrics_data,None,None,15,2026-08-01,7184.63030924932,333
P&L consolidé,financial_annual_data,None,None,15,2026-01-01,84014.2776457526,333
P&L consolidé,financial_metrics_data,None,82,None,2026-08-01,-5327.44058922617,333
P&L consolidé,financial_annual_data,None,82,None,2026-01-01,-63314.388083742,333
P&L consolidé,financial_metrics_data,None,None,16,2026-08-01,-5327.44058922617,333
P&L consolidé,financial_annual_data,None,None,16,2026-01-01,-63314.388083742,333
P&L consolidé,financial_metrics_data,None,None,17,2026-08-01,-5327.44058922617,333
P&L consolidé,financial_annual_data,None,None,17,2026-01-01,-63314.388083742,333
P&L consolidé,financial_metrics_data,None,83,None,2026-08-01,1857.18972002315,333
P&L consolidé,financial_annual_data,None,83,None,2026-01-01,20699.8895620106,333
P&L consolidé,financial_metrics_data,None,None,18,2026-08-01,0.213702176822989,333
P&L consolidé,financial_annual_data,None,None,18,2026-01-01,0.20344796201747,333
P&L consolidé,financial_metrics_data,None,None,19,2026-08-01,1857.18972002315,333
P&L consolidé,financial_annual_data,None,None,19,2026-01-01,20699.8895620106,333
P&L consolidé,financial_metrics_data,None,84,None,2026-08-01,-1793.00997673831,333
P&L consolidé,financial_annual_data,None,84,None,2026-01-01,-22200,333
P&L consolidé,financial_metrics_data,None,85,None,2026-08-01,64.1797432848437,333
P&L consolidé,financial_annual_data,None,85,None,2026-01-01,-1500.11043798941,333
P&L consolidé,financial_metrics_data,None,None,20,2026-08-01,0.00738500256599563,333
P&L consolidé,financial_annual_data,None,None,20,2026-01-01,-0.014743770033,333
P&L consolidé,financial_metrics_data,None,86,None,2026-08-01,-240.157438661168,333
P&L consolidé,financial_annual_data,None,86,None,2026-01-01,-3224.44463196701,333
P&L consolidé,financial_metrics_data,None,87,None,2026-08-01,-175.977695376325,333
P&L consolidé,financial_annual_data,None,87,None,2026-01-01,-4724.55506995642,333
P&L consolidé,financial_metrics_data,None,None,21,2026-08-01,-86.9055125049792,333
P&L consolidé,financial_annual_data,None,None,21,2026-01-01,-1017.45376836135,333
P&L consolidé,financial_metrics_data,None,None,22,2026-08-01,-4.5,333
P&L consolidé,financial_annual_data,None,None,22,2026-01-01,-54,333
P&L consolidé,financial_metrics_data,30,None,None,2026-08-01,-267.383207881304,333
P&L consolidé,financial_annual_data,30,None,None,2026-01-01,-5796.00883831776,333
P&L consolidé,financial_metrics_data,None,88,None,2026-08-01,-0.0307671170877664,333
P&L consolidé,financial_annual_data,None,88,None,2026-01-01,-0.0569658201537,333
CA Mobile,financial_metrics_data,17,None,None,2026-08-01,8690.55125049792,333
CA Mobile,financial_annual_data,17,None,None,2026-01-01,101745.376836135,333
CA Mobile,financial_metrics_data,18,None,None,2026-08-01,8471.05125049792,333
CA Mobile,financial_annual_data,18,None,None,2026-01-01,99111.3768361345,333
CA Mobile,financial_metrics_data,19,None,None,2026-08-01,8044.43625140154,333
CA Mobile,financial_annual_data,19,None,None,2026-01-01,93998.3441614062,333
CA Mobile,financial_metrics_data,20,None,None,2026-08-01,7703.03536513199,333
CA Mobile,financial_annual_data,20,None,None,2026-01-01,89982.1469769439,333
CA Mobile,financial_metrics_data,None,58,None,2026-08-01,2358.66717565269,333
CA Mobile,financial_annual_data,None,58,None,2026-01-01,29064.9696424933,333
CA Mobile,financial_metrics_data,None,59,None,2026-08-01,294.756015108439,333
CA Mobile,financial_annual_data,None,59,None,2026-01-01,3526.14199864646,333
CA Mobile,financial_metrics_data,None,None,4,2026-08-01,223.824140983631,333
CA Mobile,financial_annual_data,None,None,4,2026-01-01,2673.69326074251,333
CA Mobile,financial_metrics_data,None,None,5,2026-08-01,70.9318741248077,333
CA Mobile,financial_annual_data,None,None,5,2026-01-01,852.448737903954,333
CA Mobile,financial_metrics_data,None,60,None,2026-08-01,910.14251123079,333
CA Mobile,financial_annual_data,None,60,None,2026-01-01,10507,333
CA Mobile,financial_metrics_data,None,61,None,2026-08-01,123.59,333
CA Mobile,financial_annual_data,None,61,None,2026-01-01,1481.14633229911,333
CA Mobile,financial_metrics_data,None,62,None,2026-08-01,4015.87966314007,333
CA Mobile,financial_annual_data,None,62,None,2026-01-01,45402.889003505,333
CA Mobile,financial_metrics_data,21,None,None,2026-08-01,195.335810844317,333
CA Mobile,financial_annual_data,21,None,None,2026-01-01,2326.41627935955,333
CA Mobile,financial_metrics_data,None,63,None,2026-08-01,195.335810844317,333
CA Mobile,financial_annual_data,None,63,None,2026-01-01,2326.41627935955,333
CA Mobile,financial_metrics_data,22,None,None,2026-08-01,146.065075425232,333
CA Mobile,financial_annual_data,22,None,None,2026-01-01,1689.78090510279,333
CA Mobile,financial_metrics_data,23,None,None,2026-08-01,426.614999096381,333
CA Mobile,financial_annual_data,23,None,None,2026-01-01,5113.03267472828,333
CA Mobile,financial_metrics_data,None,64,None,2026-08-01,350,333
CA Mobile,financial_annual_data,None,64,None,2026-01-01,4200,333
CA Mobile,financial_metrics_data,24,None,None,2026-08-01,219.5,333
CA Mobile,financial_annual_data,24,None,None,2026-01-01,2634,333
CA Mobile,financial_metrics_data,None,65,None,2026-08-01,205.348061820838,333
CA Mobile,financial_annual_data,None,65,None,2026-01-01,2464.17674185006,333
CA Mobile,financial_metrics_data,None,66,None,2026-08-01,14.1519381791616,333
CA Mobile,financial_annual_data,None,66,None,2026-01-01,169.82325814994,333
Marge brute Mobile,financial_metrics_data,25,None,None,2026-08-01,8690.55125049792,333
Marge brute Mobile,financial_annual_data,25,None,None,2026-01-01,101745.376836135,333
Marge brute Mobile,financial_metrics_data,None,68,None,2026-08-01,1.14794563080676,333
Marge brute Mobile,financial_annual_data,None,68,None,2026-01-01,13.8039275418706,333
Marge brute Mobile,financial_metrics_data,None,69,None,2026-08-01,-137.000004546802,333
Marge brute Mobile,financial_annual_data,None,69,None,2026-01-01,-137.000004546802,333
Marge brute Mobile,financial_metrics_data,None,70,None,2026-08-01,-157.268556640007,333
Marge brute Mobile,financial_annual_data,None,70,None,2026-01-01,-1891.138136,333
Marge brute Mobile,financial_metrics_data,None,72,None,2026-08-01,-48.2001,333
Marge brute Mobile,financial_annual_data,None,72,None,2026-01-01,-577.647069596652,333
Marge brute Mobile,financial_metrics_data,None,71,None,2026-08-01,-39.4420297844208,333
Marge brute Mobile,financial_annual_data,None,71,None,2026-01-01,-450.294229806429,333
Marge brute Mobile,financial_metrics_data,None,73,None,2026-08-01,1.29262934719563,333
Marge brute Mobile,financial_annual_data,None,73,None,2026-01-01,15.5115521663475,333
Marge brute Mobile,financial_metrics_data,None,74,None,2026-08-01,-2.91395725684125,333
Marge brute Mobile,financial_annual_data,None,74,None,2026-01-01,-2.91395725684125,333
Marge brute Mobile,financial_metrics_data,None,75,None,2026-08-01,-3.76666666666667,333
Marge brute Mobile,financial_annual_data,None,75,None,2026-01-01,-45.2,333
Marge brute Mobile,financial_metrics_data,None,76,None,2026-08-01,-26.7909068629161,333
Marge brute Mobile,financial_annual_data,None,76,None,2026-01-01,-312.762153893118,333
Marge brute Mobile,financial_metrics_data,None,77,None,2026-08-01,-208.525,333
Marge brute Mobile,financial_annual_data,None,77,None,2026-01-01,-2502.3,333
Marge brute Mobile,financial_metrics_data,None,None,6,2026-08-01,-153.65,333
Marge brute Mobile,financial_annual_data,None,None,6,2026-01-01,-2634,333
Marge brute Mobile,financial_metrics_data,None,None,7,2026-08-01,None,333
Marge brute Mobile,financial_annual_data,None,None,7,2026-01-01,0,333
Marge brute Mobile,financial_metrics_data,None,78,None,2026-08-01,-1021.92768129459,333
Marge brute Mobile,financial_annual_data,None,78,None,2026-01-01,-11951.7576010857,333
Marge brute Mobile,financial_metrics_data,None,None,8,2026-08-01,-4.26858383356907,333
Marge brute Mobile,financial_annual_data,None,None,8,2026-01-01,-51.2230060028288,333
Marge brute Mobile,financial_metrics_data,None,None,9,2026-08-01,-433.13651472239,333
Marge brute Mobile,financial_annual_data,None,None,9,2026-01-01,-5122.30060028288,333
Marge brute Mobile,financial_metrics_data,None,None,10,2026-08-01,-584.522582738628,333
Marge brute Mobile,financial_annual_data,None,None,10,2026-01-01,-6778.2339948,333
Marge brute Mobile,financial_metrics_data,26,None,None,2026-08-01,-1505.9209412486,333
Marge brute Mobile,financial_annual_data,26,None,None,2026-01-01,-17731.0991903819,333
Marge brute Mobile,financial_metrics_data,27,None,None,2026-08-01,7184.63030924932,333
Marge brute Mobile,financial_annual_data,27,None,None,2026-01-01,84014.2776457526,333
Marge brute Mobile,financial_metrics_data,28,None,None,2026-08-01,0.826717443135461,333
Marge brute Mobile,financial_annual_data,28,None,None,2026-01-01,0.82573066470687,333
Parc Mobile,financial_metrics_data,47,None,None,2026-08-01,5675696.80581683,333
Parc Mobile,financial_annual_data,47,None,None,2026-01-01,5789523.40553512,333
Parc Mobile,financial_metrics_data,48,None,None,2026-08-01,None,333
Parc Mobile,financial_annual_data,48,None,None,2026-01-01,None,333
Parc Mobile,financial_metrics_data,None,141,None,2026-08-01,5543868.36497532,333
Parc Mobile,financial_annual_data,None,141,None,2026-01-01,5354157.50991285,333
Parc Mobile,financial_metrics_data,None,None,83,2026-08-01,405834.714285714,333
Parc Mobile,financial_annual_data,None,None,83,2026-01-01,4767817.92165898,333
Parc Mobile,financial_metrics_data,None,None,84,2026-08-01,-376828.273444214,333
Parc Mobile,financial_annual_data,None,None,84,2026-01-01,-4436849.02603671,333
Parc Mobile,financial_metrics_data,None,None,86,2026-08-01,29006.4408415004,333
Parc Mobile,financial_annual_data,None,None,86,2026-01-01,330968.895622273,333
Parc Mobile,financial_metrics_data,None,None,85,2026-08-01,0.813536700786863,333
Parc Mobile,financial_annual_data,None,None,85,2026-01-01,0.803829136023569,333
Parc Mobile,financial_metrics_data,None,142,None,2026-08-01,5572874.80581683,333
Parc Mobile,financial_annual_data,None,142,None,2026-01-01,5685126.40553512,333
Parc Mobile,financial_metrics_data,None,None,87,2026-08-01,5558371.58539608,333
Parc Mobile,financial_annual_data,None,None,87,2026-01-01,5519641.95772398,333
Parc Mobile,financial_metrics_data,49,None,None,2026-08-01,None,333
Parc Mobile,financial_annual_data,49,None,None,2026-01-01,None,333
Parc Mobile,financial_metrics_data,None,143,None,2026-08-01,102447,333
Parc Mobile,financial_annual_data,None,143,None,2026-01-01,100122,333
Parc Mobile,financial_metrics_data,None,None,88,2026-08-01,2100,333
Parc Mobile,financial_annual_data,None,None,88,2026-01-01,24825,333
Parc Mobile,financial_metrics_data,None,None,89,2026-08-01,-1725,333
Parc Mobile,financial_annual_data,None,None,89,2026-01-01,-20550,333
Parc Mobile,financial_metrics_data,None,None,90,2026-08-01,0.201686567382313,333
Parc Mobile,financial_annual_data,None,None,90,2026-01-01,0.20095932407258,333
Parc Mobile,financial_metrics_data,None,None,91,2026-08-01,375,333
Parc Mobile,financial_annual_data,None,None,91,2026-01-01,4275,333
Parc Mobile,financial_metrics_data,None,144,None,2026-08-01,102822,333
Parc Mobile,financial_annual_data,None,144,None,2026-01-01,104397,333
Parc Mobile,financial_metrics_data,None,None,92,2026-08-01,102634.5,333
Parc Mobile,financial_annual_data,None,None,92,2026-01-01,102259.5,333
Trafic Mobile,financial_metrics_data,31,None,None,2026-08-01,133.843476230382,333
Trafic Mobile,financial_annual_data,31,None,None,2026-01-01,1656.2155776179,333
Trafic Mobile,financial_metrics_data,None,89,None,2026-08-01,125.847621695158,333
Trafic Mobile,financial_annual_data,None,89,None,2026-01-01,1555.86557366095,333
Trafic Mobile,financial_metrics_data,None,None,23,2026-08-01,0.0579852944437894,333
Trafic Mobile,financial_annual_data,None,None,23,2026-01-01,0.587228351568608,333
Trafic Mobile,financial_metrics_data,None,None,24,2026-08-01,1.1196078739868,333
Trafic Mobile,financial_annual_data,None,None,24,2026-01-01,13.4580220650537,333
Trafic Mobile,financial_metrics_data,None,None,25,2026-08-01,44.1997935383883,333
Trafic Mobile,financial_annual_data,None,None,25,2026-01-01,575.112348754925,333
Trafic Mobile,financial_metrics_data,None,None,26,2026-08-01,42.5515008252241,333
Trafic Mobile,financial_annual_data,None,None,26,2026-01-01,486.568169462809,333
Trafic Mobile,financial_metrics_data,None,None,27,2026-08-01,36.9044607139892,333
Trafic Mobile,financial_annual_data,None,None,27,2026-01-01,468.287624318747,333
Trafic Mobile,financial_metrics_data,None,None,28,2026-08-01,0,333
Trafic Mobile,financial_annual_data,None,None,28,2026-01-01,0,333
Trafic Mobile,financial_metrics_data,None,None,29,2026-08-01,1.01427344912562,333
Trafic Mobile,financial_annual_data,None,None,29,2026-01-01,11.8521807078511,333
Trafic Mobile,financial_metrics_data,None,90,None,2026-08-01,7.9958545352244,333
Trafic Mobile,financial_annual_data,None,90,None,2026-01-01,100.350003956948,333
Trafic Mobile,financial_metrics_data,None,None,30,2026-08-01,0.00384659137962016,333
Trafic Mobile,financial_annual_data,None,None,30,2026-01-01,0.0557581853532474,333
Trafic Mobile,financial_metrics_data,None,None,31,2026-08-01,0.0283377568199649,333
Trafic Mobile,financial_annual_data,None,None,31,2026-01-01,0.345905476816903,333
Trafic Mobile,financial_metrics_data,None,None,32,2026-08-01,4.92650886753721,333
Trafic Mobile,financial_annual_data,None,None,32,2026-01-01,61.6713463996839,333
Trafic Mobile,financial_metrics_data,None,None,33,2026-08-01,2.21123593293005,333
Trafic Mobile,financial_annual_data,None,None,33,2026-01-01,28.3064345684533,333
Trafic Mobile,financial_metrics_data,None,None,34,2026-08-01,0.765889677794588,333
Trafic Mobile,financial_annual_data,None,None,34,2026-01-01,9.27136315903058,333
Trafic Mobile,financial_metrics_data,None,None,35,2026-08-01,0,333
Trafic Mobile,financial_annual_data,None,None,35,2026-01-01,0,333
Trafic Mobile,financial_metrics_data,None,None,36,2026-08-01,0.0600357087629649,333
Trafic Mobile,financial_annual_data,None,None,36,2026-01-01,0.699196167610426,333
Trafic Mobile,financial_metrics_data,32,None,None,2026-08-01,18.6693496861011,333
Trafic Mobile,financial_annual_data,32,None,None,2026-01-01,1165.3290128606,333
Trafic Mobile,financial_metrics_data,None,91,None,2026-08-01,0.198136408735863,333
Trafic Mobile,financial_annual_data,None,91,None,2026-01-01,1147.19651456855,333
Trafic Mobile,financial_metrics_data,None,None,37,2026-08-01,0.0525432492470349,333
Trafic Mobile,financial_annual_data,None,None,37,2026-01-01,0.592124501022678,333
Trafic Mobile,financial_metrics_data,None,None,38,2026-08-01,0.0156289027828669,333
Trafic Mobile,financial_annual_data,None,None,38,2026-01-01,10.6775189779685,333
Trafic Mobile,financial_metrics_data,None,None,39,2026-08-01,0.116665796411246,333
Trafic Mobile,financial_annual_data,None,None,39,2026-01-01,427.808573503448,333
Trafic Mobile,financial_metrics_data,None,None,40,2026-08-01,0.0132984602947154,333
Trafic Mobile,financial_annual_data,None,None,40,2026-01-01,708.118297586109,333
Trafic Mobile,financial_metrics_data,None,None,41,2026-08-01,0,333
Trafic Mobile,financial_annual_data,None,None,41,2026-01-01,0,333
Trafic Mobile,financial_metrics_data,None,92,None,2026-08-01,18.4712132773653,333
Trafic Mobile,financial_annual_data,None,92,None,2026-01-01,18.1324982920496,333
Trafic Mobile,financial_metrics_data,None,None,42,2026-08-01,0.00039246253505088,333
Trafic Mobile,financial_annual_data,None,None,42,2026-01-01,0.0261299818791886,333
Trafic Mobile,financial_metrics_data,None,None,43,2026-08-01,0.0156289027828669,333
Trafic Mobile,financial_annual_data,None,None,43,2026-01-01,0.462050489258415,333
Trafic Mobile,financial_metrics_data,None,None,44,2026-08-01,0.116665796411246,333
Trafic Mobile,financial_annual_data,None,None,44,2026-01-01,12.7442506867503,333
Trafic Mobile,financial_metrics_data,None,None,45,2026-08-01,0.0132984602947154,333
Trafic Mobile,financial_annual_data,None,None,45,2026-01-01,4.90006713416163,333
Trafic Mobile,financial_metrics_data,None,None,46,2026-08-01,0,333
Trafic Mobile,financial_annual_data,None,None,46,2026-01-01,0,333
Indicateurs Mobile,financial_metrics_data,50,None,None,2026-08-01,1395.22393313656,333
Indicateurs Mobile,financial_annual_data,50,None,None,2026-01-01,1368.28799458767,333
Indicateurs Mobile,financial_metrics_data,None,145,None,2026-08-01,1360.71843925478,333
Indicateurs Mobile,financial_annual_data,None,145,None,2026-01-01,1333.80357241523,333
Indicateurs Mobile,financial_metrics_data,None,146,None,2026-08-01,34.5054938817735,333
Indicateurs Mobile,financial_annual_data,None,146,None,2026-01-01,34.4844221724316,333
Indicateurs Mobile,financial_metrics_data,51,None,None,2026-08-01,1155.90062047237,333
Indicateurs Mobile,financial_annual_data,51,None,None,2026-01-01,1134.62959424971,333
Indicateurs Mobile,financial_metrics_data,None,147,None,2026-08-01,1121.47869228734,333
Indicateurs Mobile,financial_annual_data,None,147,None,2026-01-01,1100.22660528968,333
Indicateurs Mobile,financial_metrics_data,None,148,None,2026-08-01,34.4219281850316,333
Indicateurs Mobile,financial_annual_data,None,148,None,2026-01-01,34.4029889600342,333
Indicateurs Mobile,financial_metrics_data,52,None,None,2026-08-01,4284.26601552312,333
Indicateurs Mobile,financial_annual_data,52,None,None,2026-01-01,4211.04114634154,333
Indicateurs Mobile,financial_metrics_data,None,149,None,2026-08-01,4245.23485829925,333
Indicateurs Mobile,financial_annual_data,None,149,None,2026-01-01,4172.16121885272,333
Indicateurs Mobile,financial_metrics_data,None,150,None,2026-08-01,39.0311572238678,333
Indicateurs Mobile,financial_annual_data,None,150,None,2026-01-01,38.879927488822,333
Indicateurs Mobile,financial_metrics_data,53,None,None,2026-08-01,26.9409401113217,333
Indicateurs Mobile,financial_annual_data,53,None,None,2026-01-01,41.8236992664044,333
Indicateurs Mobile,financial_metrics_data,None,151,None,2026-08-01,23.6430546463576,333
Indicateurs Mobile,financial_annual_data,None,151,None,2026-01-01,24.5500505192719,333
Indicateurs Mobile,financial_metrics_data,None,None,93,2026-08-01,22.6410954650471,333
Indicateurs Mobile,financial_annual_data,None,None,93,2026-01-01,23.4898323957972,333
Indicateurs Mobile,financial_metrics_data,None,None,94,2026-08-01,77.9061089129328,333
Indicateurs Mobile,financial_annual_data,None,None,94,2026-01-01,81.7772464147165,333
Indicateurs Mobile,financial_metrics_data,None,152,None,2026-08-01,3.29788546496411,333
Indicateurs Mobile,financial_annual_data,None,152,None,2026-01-01,17.2736487471325,333
Indicateurs Mobile,financial_metrics_data,None,None,95,2026-08-01,0.0356464848907262,333
Indicateurs Mobile,financial_annual_data,None,None,95,2026-01-01,17.3199113782372,333
Indicateurs Mobile,financial_metrics_data,None,None,96,2026-08-01,179.970801995092,333
Indicateurs Mobile,financial_annual_data,None,None,96,2026-01-01,14.7765393370539,333
Indicateurs Mobile,financial_metrics_data,54,None,None,2026-08-01,16.2177694218041,333
Indicateurs Mobile,financial_annual_data,54,None,None,2026-01-01,16.3066706366704,333
Indicateurs Mobile,financial_metrics_data,None,153,None,2026-08-01,17.0204936235797,333
Indicateurs Mobile,financial_annual_data,None,153,None,2026-01-01,17.0105122276449,333
Indicateurs Mobile,financial_metrics_data,None,None,97,2026-08-01,17.8437542343022,333
Indicateurs Mobile,financial_annual_data,None,None,97,2026-01-01,17.8486014877029,333
Indicateurs Mobile,financial_metrics_data,None,None,98,2026-08-01,4.06310558727727,333
Indicateurs Mobile,financial_annual_data,None,None,98,2026-01-01,4.01644968691412,333
Indicateurs Mobile,financial_metrics_data,None,154,None,2026-08-01,10.4629145700634,333
Indicateurs Mobile,financial_annual_data,None,154,None,2026-01-01,1.99636004397485,333
Indicateurs Mobile,financial_metrics_data,None,None,99,2026-08-01,965.647196085434,333
Indicateurs Mobile,financial_annual_data,None,None,99,2026-01-01,1.98632592331056,333
Indicateurs Mobile,financial_metrics_data,None,None,100,2026-08-01,0.21687494188603,333
Indicateurs Mobile,financial_annual_data,None,None,100,2026-01-01,2.6311930420221,333
Capex Consolidés,financial_metrics_data,1,None,None,2026-08-01,2122.59631541025,333
Capex Consolidés,financial_annual_data,1,None,None,2026-01-01,24873.4134766063,333
Capex Consolidés,financial_metrics_data,2,None,None,2026-08-01,2002.60543913566,333
Capex Consolidés,financial_annual_data,2,None,None,2026-01-01,23467.3134766534,333
Capex Consolidés,financial_metrics_data,None,1,None,2026-08-01,1337.44195800222,333
Capex Consolidés,financial_annual_data,None,1,None,2026-01-01,15672.6677516734,333
Capex Consolidés,financial_metrics_data,None,2,None,2026-08-01,26.4631518208375,333
Capex Consolidés,financial_annual_data,None,2,None,2026-01-01,310.1055591,333
Capex Consolidés,financial_metrics_data,None,3,None,2026-08-01,48.9027152261284,333
Capex Consolidés,financial_annual_data,None,3,None,2026-01-01,573.06113608,333
Capex Consolidés,financial_metrics_data,None,4,None,2026-08-01,121.549016902239,333
Capex Consolidés,financial_annual_data,None,4,None,2026-01-01,1424.358901,333
Capex Consolidés,financial_metrics_data,None,5,None,2026-08-01,289.04310668918,333
Capex Consolidés,financial_annual_data,None,5,None,2026-01-01,3387.1201288,333
Capex Consolidés,financial_metrics_data,None,6,None,2026-08-01,0,333
Capex Consolidés,financial_annual_data,None,6,None,2026-01-01,None,333
Capex Consolidés,financial_metrics_data,None,7,None,2026-08-01,0,333
Capex Consolidés,financial_annual_data,None,7,None,2026-01-01,None,333
Capex Consolidés,financial_metrics_data,None,8,None,2026-08-01,179.205490495055,333
Capex Consolidés,financial_annual_data,None,8,None,2026-01-01,2100,333
Capex Consolidés,financial_metrics_data,None,9,None,2026-08-01,0,333
Capex Consolidés,financial_annual_data,None,9,None,2026-01-01,None,333
Capex Consolidés,financial_metrics_data,None,10,None,2026-08-01,0,333
Capex Consolidés,financial_annual_data,None,10,None,2026-01-01,None,333
Capex Consolidés,financial_metrics_data,None,11,None,2026-08-01,0,333
Capex Consolidés,financial_annual_data,None,11,None,2026-01-01,None,333
Capex Consolidés,financial_metrics_data,3,None,None,2026-08-01,33.8416666627412,333
Capex Consolidés,financial_annual_data,3,None,None,2026-01-01,406.099999952894,333
Capex Consolidés,financial_metrics_data,None,12,None,2026-08-01,None,333
Capex Consolidés,financial_annual_data,None,12,None,2026-01-01,0,333
Capex Consolidés,financial_metrics_data,None,13,None,2026-08-01,None,333
Capex Consolidés,financial_annual_data,None,13,None,2026-01-01,None,333
Capex Consolidés,financial_metrics_data,None,14,None,2026-08-01,33.8416666627412,333
Capex Consolidés,financial_annual_data,None,14,None,2026-01-01,406.099999952894,333
Capex Consolidés,financial_metrics_data,4,None,None,2026-08-01,85.335947854788,333
Capex Consolidés,financial_annual_data,4,None,None,2026-01-01,1000,333
Capex Consolidés,financial_metrics_data,None,15,None,2026-08-01,0,333
Capex Consolidés,financial_annual_data,None,15,None,2026-01-01,None,333
Capex Consolidés,financial_metrics_data,None,16,None,2026-08-01,0,333
Capex Consolidés,financial_annual_data,None,16,None,2026-01-01,None,333
Capex Consolidés,financial_metrics_data,None,17,None,2026-08-01,0,333
Capex Consolidés,financial_annual_data,None,17,None,2026-01-01,None,333
Capex Consolidés,financial_metrics_data,None,18,None,2026-08-01,0,333
Capex Consolidés,financial_annual_data,None,18,None,2026-01-01,None,333
Capex Consolidés,financial_metrics_data,None,19,None,2026-08-01,0,333
Capex Consolidés,financial_annual_data,None,19,None,2026-01-01,None,333
Capex Consolidés,financial_metrics_data,None,20,None,2026-08-01,0,333
Capex Consolidés,financial_annual_data,None,20,None,2026-01-01,None,333
Capex Consolidés,financial_metrics_data,None,21,None,2026-08-01,0,333
Capex Consolidés,financial_annual_data,None,21,None,2026-01-01,None,333
Capex Consolidés,financial_metrics_data,None,22,None,2026-08-01,17.0671895709576,333
Capex Consolidés,financial_annual_data,None,22,None,2026-01-01,200,333
Capex Consolidés,financial_metrics_data,None,23,None,2026-08-01,42.667973927394,333
Capex Consolidés,financial_annual_data,None,23,None,2026-01-01,500,333
Capex Consolidés,financial_metrics_data,None,24,None,2026-08-01,0,333
Capex Consolidés,financial_annual_data,None,24,None,2026-01-01,None,333
Capex Consolidés,financial_metrics_data,None,25,None,2026-08-01,25.6007843564364,333
Capex Consolidés,financial_annual_data,None,25,None,2026-01-01,300,333
Capex Consolidés,financial_metrics_data,None,26,None,2026-08-01,0,333
Capex Consolidés,financial_annual_data,None,26,None,2026-01-01,None,333
Capex Consolidés,financial_metrics_data,None,27,None,2026-08-01,0,333
Capex Consolidés,financial_annual_data,None,27,None,2026-01-01,None,333
Flux Financiers consolidés,financial_metrics_data,13,None,None,2026-08-01,1857189720.02315,333
Flux Financiers consolidés,financial_annual_data,13,None,None,2026-01-01,20699889562.0106,333
Flux Financiers consolidés,financial_metrics_data,None,45,None,2026-08-01,14536865.5361439,333
Flux Financiers consolidés,financial_annual_data,None,45,None,2026-01-01,178111933.590294,333
Flux Financiers consolidés,financial_metrics_data,None,46,None,2026-08-01,973287038.014209,333
Flux Financiers consolidés,financial_annual_data,None,46,None,2026-01-01,8307310007.69134,333
Flux Financiers consolidés,financial_metrics_data,None,47,None,2026-08-01,0,333
Flux Financiers consolidés,financial_annual_data,None,47,None,2026-01-01,0,333
Flux Financiers consolidés,financial_metrics_data,None,48,None,2026-08-01,-2122596315.41025,333
Flux Financiers consolidés,financial_annual_data,None,48,None,2026-01-01,-24873413476.6063,333
Flux Financiers consolidés,financial_metrics_data,None,49,None,2026-08-01,0,333
Flux Financiers consolidés,financial_annual_data,None,49,None,2026-01-01,0,333
Flux Financiers consolidés,financial_metrics_data,None,50,None,2026-08-01,0,333
Flux Financiers consolidés,financial_annual_data,None,50,None,2026-01-01,0,333
Flux Financiers consolidés,financial_metrics_data,None,51,None,2026-08-01,0,333
Flux Financiers consolidés,financial_annual_data,None,51,None,2026-01-01,0,333
Flux Financiers consolidés,financial_metrics_data,None,52,None,2026-08-01,0,333
Flux Financiers consolidés,financial_annual_data,None,52,None,2026-01-01,0,333
Flux Financiers consolidés,financial_metrics_data,14,None,None,2026-08-01,722417308.163251,333
Flux Financiers consolidés,financial_annual_data,14,None,None,2026-01-01,4311544790.00669,333
Flux Financiers consolidés,financial_metrics_data,None,None,1,2026-08-01,-240157438.661168,333
Flux Financiers consolidés,financial_annual_data,None,None,1,2026-01-01,-3224444631.96701,333
Flux Financiers consolidés,financial_metrics_data,None,None,2,2026-08-01,-86905512.5049792,333
Flux Financiers consolidés,financial_annual_data,None,None,2,2026-01-01,-1017453768.36135,333
Flux Financiers consolidés,financial_metrics_data,None,None,3,2026-08-01,0,333
Flux Financiers consolidés,financial_annual_data,None,None,3,2026-01-01,0,333
Flux Financiers consolidés,financial_metrics_data,None,53,None,2026-08-01,-327062951.166148,333
Flux Financiers consolidés,financial_annual_data,None,53,None,2026-01-01,-4241898400.32835,333
Flux Financiers consolidés,financial_metrics_data,None,54,None,2026-08-01,-109367588.269496,333
Flux Financiers consolidés,financial_annual_data,None,54,None,2026-01-01,-2360574176.63607,333
Flux Financiers consolidés,financial_metrics_data,None,55,None,2026-08-01,240516768.493282,333
Flux Financiers consolidés,financial_annual_data,None,55,None,2026-01-01,2165305004.60368,333
Flux Financiers consolidés,financial_metrics_data,15,None,None,2026-08-01,526503537.220889,333
Flux Financiers consolidés,financial_annual_data,15,None,None,2026-01-01,-125622782.354047,333
Flux Financiers consolidés,financial_metrics_data,None,56,None,2026-08-01,-77170287286.5694,333
Flux Financiers consolidés,financial_annual_data,None,56,None,2026-01-01,-75227613185.4563,333
Flux Financiers consolidés,financial_metrics_data,None,57,None,2026-08-01,10110546601.1081,333
Flux Financiers consolidés,financial_annual_data,None,57,None,2026-01-01,11235000000,333
Flux Financiers consolidés,financial_metrics_data,16,None,None,2026-08-01,-67059740685.4613,333
Flux Financiers consolidés,financial_annual_data,16,None,None,2026-01-01,-63992613185.4563,333
