row,financial_type_id,financial_metric_id,financial_submetric_id,actual1_value,version_id,date,financial_type,financial_metric,financial_submetric
L7,50.0,,,1159.7796215984886,311,2026-04-01,50.0,,
L8,,145.0,,1114.8531795499334,311,2026-04-01,,145.0,
L9,,146.0,,44.926442048555224,311,2026-04-01,,146.0,
L12,,147.0,,907.4866105458985,311,2026-04-01,,147.0,
L13,,148.0,,45.1824033531431,311,2026-04-01,,148.0,
L11,51.0,,,952.6690138990416,311,2026-04-01,51.0,,
L16,,149.0,,3991.4296232399474,311,2026-04-01,,149.0,
L17,,150.0,,126.34261620219057,311,2026-04-01,,150.0,
L15,52.0,,,4117.772239442138,311,2026-04-01,52.0,,
L19,53.0,,,52.46808904949263,311,2026-04-01,53.0,,
L20,,151.0,,24.688501719441962,311,2026-04-01,,151.0,
L21,,,93.0,23.598776797778083,311,2026-04-01,,,93.0
L22,,,94.0,81.48532567480778,311,2026-04-01,,,94.0
L23,,152.0,,27.77958733005067,311,2026-04-01,,152.0,
L24,,,95.0,26.38734800226119,311,2026-04-01,,,95.0
L25,,,96.0,100.34356235914136,311,2026-04-01,,,96.0
L27,54.0,,,8.37728180641196,311,2026-04-01,54.0,,
L28,,153.0,,15.983696793240696,311,2026-04-01,,153.0,
L29,,,97.0,16.822090301512628,311,2026-04-01,,,97.0
L30,,,98.0,3.328609022653426,311,2026-04-01,,,98.0
L31,,154.0,,1.6172465600292012,311,2026-04-01,,154.0,
L32,,,99.0,1.7122752672709405,311,2026-04-01,,,99.0
L33,,,100.0,0.0405451411674905,311,2026-04-01,,,100.0
