row,financial_type_id,financial_metric_id,financial_submetric_id,last_year_real_value,version_id,date,financial_type,financial_metric,financial_submetric
L7,50.0,,,1307.8303825432608,323,2026-05-01,50.0,,
L8,,145.0,,1275.7511948632407,323,2026-05-01,,145.0,
L9,,146.0,,32.079187680019984,323,2026-05-01,,146.0,
L12,,147.0,,1087.1435996643054,323,2026-05-01,,147.0,
L13,,148.0,,31.997569711856062,323,2026-05-01,,148.0,
L11,51.0,,,1119.1411693761615,323,2026-05-01,51.0,,
L16,,149.0,,4480.267527090082,323,2026-05-01,,149.0,
L17,,150.0,,184.63599347244008,323,2026-05-01,,150.0,
L15,52.0,,,4664.903520562522,323,2026-05-01,52.0,,
L19,53.0,,,44.608654513884595,323,2026-05-01,53.0,,
L20,,151.0,,20.058824007787898,323,2026-05-01,,151.0,
L21,,,93.0,18.712185660453915,323,2026-05-01,,,93.0
L22,,,94.0,100.04755304926015,323,2026-05-01,,,94.0
L23,,152.0,,24.549830506096704,323,2026-05-01,,152.0,
L24,,,95.0,23.277438476808886,323,2026-05-01,,,95.0
L25,,,96.0,100.12841585288002,323,2026-05-01,,,96.0
L27,54.0,,,11.537212622293811,323,2026-05-01,54.0,,
L28,,153.0,,24.058257057031362,323,2026-05-01,,153.0,
L29,,,97.0,25.885892124565668,323,2026-05-01,,,97.0
L30,,,98.0,3.7540820566537287,323,2026-05-01,,,98.0
L31,,154.0,,1.3066969106794222,323,2026-05-01,,154.0,
L32,,,99.0,1.37461730352053,323,2026-05-01,,,99.0
L33,,,100.0,0.3687983913452264,323,2026-05-01,,,100.0
