row,financial_type_id,financial_metric_id,financial_submetric_id,real_value,version_id,date,financial_type,financial_metric,financial_submetric
L7,50.0,,,1256.9508070752036,267,2026-01-01,50.0,,
L8,,145.0,,1197.3442204394491,267,2026-01-01,,145.0,
L9,,146.0,,59.606586635754255,267,2026-01-01,,146.0,
L12,,147.0,,1004.3598719791778,267,2026-01-01,,147.0,
L13,,148.0,,60.1133229956671,267,2026-01-01,,148.0,
L11,51.0,,,1064.473194974845,267,2026-01-01,51.0,,
L16,,149.0,,3657.258356527324,267,2026-01-01,,149.0,
L17,,150.0,,33.531064919280524,267,2026-01-01,,150.0,
L15,52.0,,,3690.7894214466046,267,2026-01-01,52.0,,
L19,53.0,,,43.4752733898564,267,2026-01-01,53.0,,
L20,,151.0,,17.447980322910574,267,2026-01-01,,151.0,
L21,,,93.0,16.16769733407844,267,2026-01-01,,,93.0
L22,,,94.0,83.32848450513711,267,2026-01-01,,,94.0
L23,,152.0,,26.027293066945827,267,2026-01-01,,152.0,
L24,,,95.0,24.557491114200797,267,2026-01-01,,,95.0
L25,,,96.0,101.66002000272488,267,2026-01-01,,,96.0
L27,54.0,,,10.254107967254905,267,2026-01-01,54.0,,
L28,,153.0,,22.13399794488849,267,2026-01-01,,153.0,
L29,,,97.0,23.994440709088963,267,2026-01-01,,,97.0
L30,,,98.0,3.5592923161045813,267,2026-01-01,,,98.0
L31,,154.0,,2.29015697031719,267,2026-01-01,,154.0,
L32,,,99.0,2.4478609283057224,267,2026-01-01,,,99.0
L33,,,100.0,0.32983531695529633,267,2026-01-01,,,100.0
