real_value,budget_value,last_year_real_value,financial_type_id,financial_metric_id,financial_submetric_id,date,version_id
9189262.0,12267357.176470589,227207.0,33.0,,,2026-08-01,333
2358676.0,3112375.0,2588366.0,34.0,,,2026-08-01,333
183374.0,215903.0,173062.0,35.0,,,2026-08-01,333
51845.0,76607.0,53370.0,36.0,,,2026-08-01,333
1022618757005.0,1219513359312.2334,792563503334.293,37.0,,,2026-08-01,333
291606569284.0,377684936073.40405,246529081329.0,,93.0,,2026-08-01,333
266775097761.0,377677472081.546,239301205504.0,,94.0,,2026-08-01,333
156988639320.0,73852814421.61179,51586597802.0,,95.0,,2026-08-01,333
108101296340.0,133644847106.97969,80966016186.0,,96.0,,2026-08-01,333
6115236213.0,11983499149.030172,7210083238.0,,97.0,,2026-08-01,333
36672786506.0,61675695197.430695,45358122518.0,,98.0,,2026-08-01,333
79324626858.0,85599016281.03796,60425892661.0,,99.0,,2026-08-01,333
18187960533.0,24399714831.51636,16295068380.0,,100.0,,2026-08-01,333
9038269123.0,12332744533.303669,9423293735.0,,101.0,,2026-08-01,333
9848869145.0,12291734107.621538,8496711069.0,,102.0,,2026-08-01,333
39959405922.0,48370885528.751144,26971430912.293007,,103.0,,2026-08-01,333
5993479514.032476,7996214160.437091,5750270345.695656,38.0,,,2026-08-01,333
0.0,0.0,0.0,,104.0,,2026-08-01,333
4087299459.3220334,5083834322.149394,3809445792.33249,,105.0,,2026-08-01,333
186745833.06779662,291116810.6284083,239360897.67796612,,106.0,,2026-08-01,333
442365287.89425087,572270702.7672021,408108576.28604746,,107.0,,2026-08-01,333
87389314.72881356,171301319.05696297,87982151.86864406,,108.0,,2026-08-01,333
184642944.91525427,224540970.70955005,182401364.15254235,,109.0,,2026-08-01,333
276910462.83474576,306478918.4110036,197599380.00084746,,110.0,,2026-08-01,333
77854483.89830509,98089607.68110234,83779988.98305084,,111.0,,2026-08-01,333
11057290.677966103,28484056.23984701,11653650.000000002,,112.0,,2026-08-01,333
36568732.20338983,29344264.234919153,26118251.694915257,,113.0,,2026-08-01,333
472344328.3728814,1065281566.0641898,607940769.1398305,,114.0,,2026-08-01,333
130301376.117041,125471622.49451077,95879523.5593219,,115.0,,2026-08-01,333
3706205505.4599895,4341251048.767413,3394302343.0,39.0,,,2026-08-01,333
3689840743.18557,4331972081.240145,3382996994.0,,116.0,,2026-08-01,333
1042692981.0,1130508751.329047,909788943.0,,,47.0,2026-08-01,333
2217724505.0,2923103802.5604467,2261715488.0,,,48.0,2026-08-01,333
0.0,0.0,0.0,,,49.0,2026-08-01,333
56808561.0,58225564.033904135,37037389.0,,,50.0,2026-08-01,333
0.0,0.0,0.0,,,51.0,2026-08-01,333
0.0,0.0,0.0,,,52.0,2026-08-01,333
8789663.0,9816465.716981955,9047555.0,,,53.0,2026-08-01,333
4956582.0,17198629.1783363,4881852.0,,,54.0,2026-08-01,333
358868451.18557006,193118868.42142814,160525767.00000006,,,55.0,2026-08-01,333
0.0,0.0,7157857.0,,117.0,,2026-08-01,333
0.0,0.0,3644611.0,,,56.0,2026-08-01,333
0.0,0.0,3513246.0,,,57.0,2026-08-01,333
0.0,0.0,0.0,,,58.0,2026-08-01,333
0.0,0.0,0.0,,,59.0,2026-08-01,333
0.0,0.0,0.0,,,60.0,2026-08-01,333
0.0,0.0,0.0,,,61.0,2026-08-01,333
0.0,0.0,0.0,,,62.0,2026-08-01,333
0.0,0.0,0.0,,,63.0,2026-08-01,333
16364762.274420023,9278967.527268307,4147492.0,,118.0,,2026-08-01,333
0.0,0.0,0.0,,,65.0,2026-08-01,333
0.0,0.0,0.0,,,66.0,2026-08-01,333
0.0,0.0,0.0,,,67.0,2026-08-01,333
0.0,0.0,0.0,,,68.0,2026-08-01,333
0.0,0.0,0.0,,,69.0,2026-08-01,333
0.0,0.0,0.0,,,70.0,2026-08-01,333
0.0,0.0,0.0,,,71.0,2026-08-01,333
0.0,0.0,0.0,,,72.0,2026-08-01,333
16364762.274420023,9278967.527268307,4147492.0,,,73.0,2026-08-01,333
2287274008.572488,3654963111.6696777,2355968002.695656,40.0,,,2026-08-01,333
0.3816270670847068,0.4570866960709178,0.4097143022952316,,119.0,,2026-08-01,333
