budget_value,last_year_real_value,actual1_value,actual2_value,financial_type_id,financial_metric_id,financial_submetric_id,date,version_id
3030619.213736061,2577065.0,3097404.902991577,0.0,41.0,,,2026-01-01,339
674970.343691046,665089.0,946516.8710109668,,,120.0,,2026-01-01,339
395592.21785275894,385686.0,519833.6113239636,,,121.0,,2026-01-01,339
1960056.652192256,1526290.0,1631054.4206566461,,,122.0,,2026-01-01,339
191.47869126419351,127.23441345081802,136.43325658846672,0.0,42.0,,,2026-01-01,339
0.2598888499541642,0.1694780671126805,0.14788670144150096,,,123.0,,2026-01-01,339
16.115997573588583,5.865565449172845,7.522735869408969,,,124.0,,2026-01-01,339
175.10280484065078,121.1993699345325,128.76263401761625,,,125.0,,2026-01-01,339
45402889003.505035,39289050016.00001,43656252928.01229,0.0,43.0,,,2026-01-01,339
669414961.5816622,627167972.0957861,675163013.4449962,,,126.0,,2026-01-01,339
6836888328.947314,6544560308.577693,8749429078.762054,,,127.0,,2026-01-01,339
37896585712.97606,32117321735.326527,34231660835.80524,,,128.0,,2026-01-01,339
14981.390204919097,15245.657372243233,14094.461103825213,,44.0,,,2026-01-01,339
991.769442670615,942.9835286642631,713.313237326515,,,129.0,,2026-01-01,339
17282.66639333141,16968.62294347654,16831.210772381848,,,130.0,,2026-01-01,339
19334.433864750812,21042.73875562739,20987.44248032136,,,131.0,,2026-01-01,339
63.18137573876991,49.37182936822239,44.04760141520243,,45.0,,,2026-01-01,339
0.38503743517526023,0.2548201325126119,0.15624306969145133,,,132.0,,2026-01-01,339
40.73891458498566,15.208136798257767,14.471430291414443,,,133.0,,2026-01-01,339
89.33558356326299,79.40782546864128,78.94441312741588,,,134.0,,2026-01-01,339
237.11718888270556,308.79263675929184,319.98248828506473,,46.0,,,2026-01-01,339
2575.7740730305463,3700.5848767368952,4565.407212845763,,,135.0,,2026-01-01,339
424.22991798855986,1115.7594890532846,1163.0647719988954,,,136.0,,2026-01-01,339
216.4247782750435,264.9957813532788,265.85088987168393,,,137.0,,2026-01-01,339
