entity_id,entity_type,date,budget_value
160,type,2025-08-01,
1,category,2025-08-01,-22.46180633333333
1,subcategory,2025-08-01,1220.0910772504415
2,subcategory,2025-08-01,1753.6863483873835
3,subcategory,2025-08-01,
4,subcategory,2025-08-01,
5,subcategory,2025-08-01,120.44151341625137
6,subcategory,2025-08-01,0.24081257681850787
7,subcategory,2025-08-01,77.68693583287016
8,subcategory,2025-08-01,16.742198827432023
2,category,2025-08-01,3188.8888862911967
9,subcategory,2025-08-01,0.9544796797812518
10,subcategory,2025-08-01,1.1609351858833374
11,subcategory,2025-08-01,
12,subcategory,2025-08-01,0.0017169329852869744
13,subcategory,2025-08-01,0.34929483064249806
14,subcategory,2025-08-01,1.485845166646574
3,category,2025-08-01,3.952271795938948
4,category,2025-08-01,4475.344620697017
15,subcategory,2025-08-01,0.2993704140187688
16,subcategory,2025-08-01,7.51822040231751
17,subcategory,2025-08-01,
18,subcategory,2025-08-01,
19,subcategory,2025-08-01,0.0
20,subcategory,2025-08-01,99.53361924828349
21,subcategory,2025-08-01,
5,category,2025-08-01,107.35121006461976
161,type,2025-08-01,9.894372695759243
162,type,2025-08-01,18.78400289459547
163,type,2025-08-01,193.68745910032573
164,type,2025-08-01,1.9959487281604775
22,subcategory,2025-08-01,0.1828030560922635
23,subcategory,2025-08-01,0.39330281807141076
24,subcategory,2025-08-01,
25,subcategory,2025-08-01,
26,subcategory,2025-08-01,0.04500635678942534
27,subcategory,2025-08-01,0.006459161673602192
28,subcategory,2025-08-01,0.07794404843260573
29,subcategory,2025-08-01,0.3966681184378495
6,category,2025-08-01,1.102183559497157
30,subcategory,2025-08-01,0.005325397855261279
31,subcategory,2025-08-01,0.0
32,subcategory,2025-08-01,
33,subcategory,2025-08-01,
34,subcategory,2025-08-01,
35,subcategory,2025-08-01,0.041205415969349214
7,category,2025-08-01,0.046530813824610495
8,category,2025-08-01,1.242453435156239
36,subcategory,2025-08-01,
37,subcategory,2025-08-01,0.84723435483871
9,category,2025-08-01,0.84723435483871
165,type,2025-08-01,31.099346923563413
39,subcategory,2025-08-01,2.330387775613592
40,subcategory,2025-08-01,4.418659684975058
41,subcategory,2025-08-01,
42,subcategory,2025-08-01,
43,subcategory,2025-08-01,
44,subcategory,2025-08-01,0.028970669826144775
45,subcategory,2025-08-01,1.2235056720183048
46,subcategory,2025-08-01,1.236763432874408
10,category,2025-08-01,9.238287235307508
47,subcategory,2025-08-01,21.0854486882559
48,subcategory,2025-08-01,0.0
49,subcategory,2025-08-01,
50,subcategory,2025-08-01,
51,subcategory,2025-08-01,
52,subcategory,2025-08-01,0.0
11,category,2025-08-01,21.0854486882559
12,category,2025-08-01,34.852798286997675
53,subcategory,2025-08-01,
54,subcategory,2025-08-01,0.775611
13,category,2025-08-01,0.775611
166,type,2025-08-01,37.423987616363036
56,subcategory,2025-08-01,13.022305235467943
57,subcategory,2025-08-01,11.47723016736761
58,subcategory,2025-08-01,
59,subcategory,2025-08-01,
60,subcategory,2025-08-01,
61,subcategory,2025-08-01,0.41006824162101746
62,subcategory,2025-08-01,1.6466916899182868
63,subcategory,2025-08-01,0.08367648428611921
14,category,2025-08-01,26.63997181866098
64,subcategory,2025-08-01,-0.3022552454165986
65,subcategory,2025-08-01,0.3127826464504405
66,subcategory,2025-08-01,
67,subcategory,2025-08-01,0.00019787928433750805
68,subcategory,2025-08-01,0.14934966316766285
69,subcategory,2025-08-01,0.12994285421621005
15,category,2025-08-01,0.2900177977020523
16,category,2025-08-01,121.62338886016397
70,subcategory,2025-08-01,0.0
71,subcategory,2025-08-01,1.262714
72,subcategory,2025-08-01,9.231284
74,subcategory,2025-08-01,0.0
75,subcategory,2025-08-01,
76,subcategory,2025-08-01,
77,subcategory,2025-08-01,0.0
17,category,2025-08-01,10.493998000000001
167,type,2025-08-01,
168,type,2025-08-01,
169,type,2025-08-01,182.9225519550316
170,type,2025-08-01,0.07776038214812983
171,type,2025-08-01,0.38169006473948625
172,type,2025-08-01,3.0731993049397346
