entity_id,entity_type,date,budget_value,version_id
160,type,2025-04-01,,4
1,category,2025-04-01,-22.46180633333333,4
1,subcategory,2025-04-01,1477.3446185153136,4
2,subcategory,2025-04-01,1795.8073364644245,4
3,subcategory,2025-04-01,,4
4,subcategory,2025-04-01,,4
5,subcategory,2025-04-01,123.28636690101436,4
6,subcategory,2025-04-01,0.24650061974411638,4
7,subcategory,2025-04-01,106.77848376583103,4
8,subcategory,2025-04-01,15.999767050736258,4
2,category,2025-04-01,3519.463073317064,4
9,subcategory,2025-04-01,1.0669521337267862,4
10,subcategory,2025-04-01,1.1885617618673163,4
11,subcategory,2025-04-01,,4
12,subcategory,2025-04-01,0.001756306867035502,4
13,subcategory,2025-04-01,0.35740192786358704,4
14,subcategory,2025-04-01,1.447504448335128,4
3,category,2025-04-01,4.062176578659853,4
4,category,2025-04-01,3997.493501311506,4
15,subcategory,2025-04-01,0.28399074814121744,4
16,subcategory,2025-04-01,6.721619545684114,4
17,subcategory,2025-04-01,,4
18,subcategory,2025-04-01,,4
19,subcategory,2025-04-01,0.0,4
20,subcategory,2025-04-01,81.53675325821739,4
21,subcategory,2025-04-01,,4
5,category,2025-04-01,88.54236355204272,4
161,type,2025-04-01,9.742140620086921,4
162,type,2025-04-01,18.59600599351888,4
163,type,2025-04-01,189.92808531028683,4
164,type,2025-04-01,1.827905540561825,4
22,subcategory,2025-04-01,0.13440689848135373,4
23,subcategory,2025-04-01,0.3113888308831972,4
24,subcategory,2025-04-01,,4
25,subcategory,2025-04-01,,4
26,subcategory,2025-04-01,0.03565469042093047,4
27,subcategory,2025-04-01,0.005133130069194276,4
28,subcategory,2025-04-01,0.07030651348601631,4
29,subcategory,2025-04-01,0.3779662187614252,4
6,category,2025-04-01,0.9348562821021172,4
30,subcategory,2025-04-01,0.005243462760009125,4
31,subcategory,2025-04-01,0.0,4
32,subcategory,2025-04-01,,4
33,subcategory,2025-04-01,,4
34,subcategory,2025-04-01,,4
35,subcategory,2025-04-01,0.04057144086098848,4
7,category,2025-04-01,0.045814903620997605,4
8,category,2025-04-01,1.1097915252715618,4
36,subcategory,2025-04-01,,4
37,subcategory,2025-04-01,0.84723435483871,4
9,category,2025-04-01,0.84723435483871,4
165,type,2025-04-01,30.7894234725527,4
39,subcategory,2025-04-01,2.3948167685582473,4
40,subcategory,2025-04-01,4.43328191362437,4
41,subcategory,2025-04-01,,4
42,subcategory,2025-04-01,,4
43,subcategory,2025-04-01,,4
44,subcategory,2025-04-01,0.029055841041370656,4
45,subcategory,2025-04-01,1.1223703855868996,4
46,subcategory,2025-04-01,1.1848891643985011,4
10,category,2025-04-01,9.164414073209388,4
47,subcategory,2025-04-01,20.874418109020727,4
48,subcategory,2025-04-01,0.0,4
49,subcategory,2025-04-01,,4
50,subcategory,2025-04-01,,4
51,subcategory,2025-04-01,,4
52,subcategory,2025-04-01,0.0,4
11,category,2025-04-01,20.874418109020727,4
12,category,2025-04-01,31.131420362683684,4
53,subcategory,2025-04-01,,4
54,subcategory,2025-04-01,0.7505912903225808,4
13,category,2025-04-01,0.7505912903225808,4
166,type,2025-04-01,47.58606755440343,4
56,subcategory,2025-04-01,14.920050914803829,4
57,subcategory,2025-04-01,13.272635527128273,4
58,subcategory,2025-04-01,,4
59,subcategory,2025-04-01,,4
60,subcategory,2025-04-01,,4
61,subcategory,2025-04-01,0.4698478553397233,4
62,subcategory,2025-04-01,2.0089791988700303,4
63,subcategory,2025-04-01,0.0794055162945333,4
14,category,2025-04-01,30.750919012436388,4
64,subcategory,2025-04-01,-0.026755638437585848,4
65,subcategory,2025-04-01,0.09058726243440848,4
66,subcategory,2025-04-01,,4
67,subcategory,2025-04-01,5.7309262083550394e-05,4
68,subcategory,2025-04-01,0.043254244713999,4
69,subcategory,2025-04-01,6.6128460091554215,4
15,category,2025-04-01,6.719989187128327,4
16,category,2025-04-01,108.6371548522817,4
70,subcategory,2025-04-01,0.0,4
71,subcategory,2025-04-01,1.2219812903225806,4
72,subcategory,2025-04-01,8.893178064516128,4
74,subcategory,2025-04-01,0.0,4
75,subcategory,2025-04-01,,4
76,subcategory,2025-04-01,,4
77,subcategory,2025-04-01,0.0,4
17,category,2025-04-01,10.11515935483871,4
167,type,2025-04-01,,4
168,type,2025-04-01,,4
169,type,2025-04-01,194.5950957534871,4
170,type,2025-04-01,0.08272238085582234,4
171,type,2025-04-01,0.40604624144099116,4
172,type,2025-04-01,3.269304449466204,4
