date,budget_value,financial_type_id,financial_metric_id,financial_submetric_id,version_id
2025-02-01,17138163.0,33,,,2
2025-02-01,2911432.0,34,,,2
2025-02-01,178963.0,35,,,2
2025-02-01,86211.3588826371,36,,,2
2025-02-01,93247411708.10124,37,,,2
2025-02-01,26716934173.90314,,93,,2
2025-02-01,27436268769.162426,,94,,2
2025-02-01,6559105086.794208,,95,,2
2025-02-01,12133326808.046146,,96,,2
2025-02-01,1061493300.8997452,,97,,2
2025-02-01,6035282293.176401,,98,,2
2025-02-01,9437438987.778152,,99,,2
2025-02-01,953591027.6840156,,100,,2
2025-02-01,742692857.3727928,,101,,2
2025-02-01,1068457777.1189703,,102,,2
2025-02-01,1102820626.1652346,,103,,2
2025-02-01,585808447.359583,38,,,2
2025-02-01,,,104,,2
2025-02-01,373902680.9385436,,105,,2
2025-02-01,8348454.73716103,,106,,2
2025-02-01,52558903.13926643,,107,,2
2025-02-01,9681900.725948578,,108,,2
2025-02-01,40826089.940007806,,109,,2
2025-02-01,10260797.145212196,,110,,2
2025-02-01,6965743.267428454,,111,,2
2025-02-01,585545.7281769756,,112,,2
2025-02-01,6900725.86383669,,115,,2
2025-02-01,370705629.43733037,39,,,2
2025-02-01,309341941.0753066,,116,,2
2025-02-01,82875256.17885745,,,47,2
2025-02-01,221377105.5634699,,,48,2
2025-02-01,4220076.169435359,,,50,2
2025-02-01,80704.1784083712,,,53,2
2025-02-01,788798.9851354926,,,54,2
2025-02-01,1627629.404345599,,117,,2
2025-02-01,917303.974314727,,,56,2
2025-02-01,710325.4300308721,,,57,2
2025-02-01,59736058.957678206,,118,,2
2025-02-01,59736058.957678206,,,73,2
2025-02-01,215102817.92225266,40,,,2
2025-02-01,0.36718968272271685,,119,,2
