date,budget_value,version_id,financial_type_id,financial_metric_id,financial_submetric_id
2025-01-01,3700561.8813589215,1,41.0,,
2025-01-01,1063273.3336156334,1,,120.0,
2025-01-01,654919.4700826048,1,,121.0,
2025-01-01,1982369.077660683,1,,122.0,
2025-01-01,146.81554568358064,1,42.0,,
2025-01-01,0.18750429863532933,1,,123.0,
2025-01-01,9.019966370081537,1,,124.0,
2025-01-01,137.60807501486377,1,,125.0,
2025-01-01,0,1,,,
2025-01-01,52607641532.98949,1,43.0,,
2025-01-01,765277552.117425,1,,126.0,
2025-01-01,8748802008.962994,1,,127.0,
2025-01-01,43093561971.90907,1,,128.0,
2025-01-01,1247.480123562204,1,44.0,,
2025-01-01,59.15433805238721,1,,129.0,
2025-01-01,1087.3156300063213,1,,130.0,
2025-01-01,2033.8738873082136,1,,131.0,
2025-01-01,3.4814234155575132,1,45.0,,
2025-01-01,0.014493686162701028,1,,132.0,
2025-01-01,1.1210163867319634,1,,133.0,
2025-01-01,6.494646941413706,1,,134.0,
2025-01-01,358.3247352182334,1,46.0,,
2025-01-01,4081.386707863093,1,,135.0,
2025-01-01,969.9373201636347,1,,136.0,
2025-01-01,313.1615783975927,1,,137.0,
