date,budget_value,version,financial_type_id,financial_metric_id,financial_submetric_id
2025-01-01,3700561.8813589215,v4,41.0,,
2025-01-01,1063273.3336156334,v4,,120.0,
2025-01-01,654919.4700826048,v4,,121.0,
2025-01-01,1982369.077660683,v4,,122.0,
2025-01-01,146.81554568358064,v4,42.0,,
2025-01-01,0.18750429863532933,v4,,123.0,
2025-01-01,9.019966370081537,v4,,124.0,
2025-01-01,137.60807501486377,v4,,125.0,
2025-01-01,0,v4,,,
2025-01-01,52607641532.98949,v4,43.0,,
2025-01-01,765277552.117425,v4,,126.0,
2025-01-01,8748802008.962994,v4,,127.0,
2025-01-01,43093561971.90907,v4,,128.0,
2025-01-01,1247.480123562204,v4,44.0,,
2025-01-01,59.15433805238721,v4,,129.0,
2025-01-01,1087.3156300063213,v4,,130.0,
2025-01-01,2033.8738873082136,v4,,131.0,
2025-01-01,3.4814234155575132,v4,45.0,,
2025-01-01,0.014493686162701028,v4,,132.0,
2025-01-01,1.1210163867319634,v4,,133.0,
2025-01-01,6.494646941413706,v4,,134.0,
2025-01-01,358.3247352182334,v4,46.0,,
2025-01-01,4081.386707863093,v4,,135.0,
2025-01-01,969.9373201636347,v4,,136.0,
2025-01-01,313.1615783975927,v4,,137.0,
