financial_type,financial_metric,financial_submetric,budget_value,date,version_id
,138.0,,6148422.069139836,2025-01-01,1
,,74.0,436521.1964285714,2025-01-01,1
,,75.0,-444045.92268419004,2025-01-01,1
,,76.0,0.21625747360386718,2025-01-01,1
,,77.0,299.9999999999998,2025-01-01,1
,,78.0,-7824.726255618618,2025-01-01,1
,,79.0,-444045.92268419004,2025-01-01,1
,,80.0,0.877332820656265,2025-01-01,1
,139.0,,6140897.342884218,2025-01-01,1
,,81.0,3070448.671442109,2025-01-01,1
,140.0,,6140897.342884218,2025-01-01,1
,,82.0,3070448.671442109,2025-01-01,1
