financial_type_key,financial_metric_key,financial_submetric_key,date
MB1,,,01-01-2025
,,MB15,01-01-2025
,,MB16,01-01-2025
,MB5,,01-01-2025
,,MB17,01-01-2025
,,MB18,01-01-2025
,MB6,,01-01-2025
,,MB19,01-01-2025
,,MB20,01-01-2025
,MB7,,01-01-2025
,MB8,,01-01-2025
,MB9,,01-01-2025
,MB10,,01-01-2025
,MB11,,01-01-2025
,,MB21,01-01-2025
,,MB22,01-01-2025
,,MB23,01-01-2025
,,MB24,01-01-2025
,MB12,,01-01-2025
,,MB25,01-01-2025
,,MB26,01-01-2025
MB2,,,01-01-2025
MB3,,,01-01-2025
,MB13,,01-01-2025
MB4,,,01-01-2025
,MB14,,01-01-2025
