Row Number,financial_type_id,financial_metric_id,financial_submetric_id,entity_type,entity_id,actu1_value,date,version_id
7,5.0,,,,,60066.61027175751,2026-01-01,323
9,6.0,,,,,5224.562851146117,2026-01-01,323
10,,,,type,1.0,0.0,2026-01-01,323
11,,,,type,2.0,3093.8089154455265,2026-01-01,323
12,,,,type,3.0,56.839387,2026-01-01,323
13,,,,type,4.0,840.0741997352037,2026-01-01,323
14,,,,type,5.0,284.17551779277767,2026-01-01,323
15,,,,type,6.0,0.0,2026-01-01,323
16,,,,type,7.0,486.0603651726094,2026-01-01,323
17,,,,type,8.0,0.0,2026-01-01,323
18,,,,type,9.0,0.0,2026-01-01,323
19,,,,type,10.0,0.0,2026-01-01,323
20,,,,type,11.0,0.0,2026-01-01,323
21,,,,type,12.0,0.0,2026-01-01,323
22,,,,type,13.0,0.0,2026-01-01,323
23,,,,type,14.0,255.88380999999998,2026-01-01,323
24,,,,type,15.0,0.0,2026-01-01,323
25,,,,type,16.0,0.0,2026-01-01,323
26,,,,type,17.0,0.0,2026-01-01,323
27,,,,type,18.0,0.0,2026-01-01,323
28,,,,type,19.0,0.0,2026-01-01,323
29,,,,type,20.0,0.0,2026-01-01,323
30,,,,type,21.0,0.0,2026-01-01,323
31,,,,type,22.0,0.0,2026-01-01,323
32,,,,type,23.0,0.0,2026-01-01,323
33,,,,type,24.0,0.0,2026-01-01,323
34,,,,type,25.0,0.0,2026-01-01,323
35,,,,type,26.0,0.0,2026-01-01,323
36,,,,type,27.0,0.0,2026-01-01,323
37,,,,type,28.0,207.72065600000002,2026-01-01,323
38,,,,type,29.0,0.0,2026-01-01,323
40,7.0,,,,,2664.5772192307213,2026-01-01,323
41,,,,type,30.0,16.541066,2026-01-01,323
42,,,,type,31.0,8.642925,2026-01-01,323
43,,,,type,32.0,10.020274,2026-01-01,323
44,,,,type,33.0,6.485805000000001,2026-01-01,323
45,,,,type,34.0,357.151212,2026-01-01,323
46,,,,type,35.0,0.0,2026-01-01,323
47,,,,type,36.0,4.973269,2026-01-01,323
48,,,,type,37.0,41.404149000000004,2026-01-01,323
49,,,,type,38.0,0.0,2026-01-01,323
50,,,,type,39.0,0.0,2026-01-01,323
51,,,,type,40.0,0.0,2026-01-01,323
52,,,,type,41.0,196.124838,2026-01-01,323
53,,,,type,42.0,0.0,2026-01-01,323
54,,,,type,43.0,0.0,2026-01-01,323
55,,,,type,44.0,0.0,2026-01-01,323
57,8.0,,,,,19219.633092010838,2026-01-01,323
58,,28.0,,,,8296.519342000001,2026-01-01,323
59,,,,type,45.0,130.636368,2026-01-01,323
60,,,,type,46.0,0.0,2026-01-01,323
61,,,,type,47.0,22.955462999999998,2026-01-01,323
62,,,,type,48.0,2960.218467890997,2026-01-01,323
63,,,,type,49.0,0.0,2026-01-01,323
64,,,,type,50.0,1.2582750000000011,2026-01-01,323
65,,,,type,51.0,1514.9816823776887,2026-01-01,323
66,,,,type,52.0,1129.4202909999997,2026-01-01,323
67,,,,type,53.0,1336.021516,2026-01-01,323
68,,,,type,54.0,64.76839274999999,2026-01-01,323
69,,,,type,55.0,0.0,2026-01-01,323
70,,,,type,56.0,255.03027500000005,2026-01-01,323
71,,,,type,57.0,0.0,2026-01-01,323
72,,,,type,58.0,18.19558598131389,2026-01-01,323
73,,,,type,59.0,793.7971159999998,2026-01-01,323
74,,,,type,60.0,69.02590900000003,2026-01-01,323
75,,,,type,61.0,0.0,2026-01-01,323
76,,,,type,62.0,0.21,2026-01-01,323
77,,,,type,63.0,0.0,2026-01-01,323
78,,,,type,64.0,0.0,2026-01-01,323
79,,29.0,,,,7425.902618083335,2026-01-01,323
80,,,,type,65.0,4.5,2026-01-01,323
81,,,,type,66.0,0.0,2026-01-01,323
82,,,,type,67.0,1912.703224249998,2026-01-01,323
83,,,,type,68.0,5.147862999999999,2026-01-01,323
84,,,,type,69.0,149.09284933333643,2026-01-01,323
85,,,,type,70.0,1533.442542,2026-01-01,323
86,,,,type,71.0,1194.3875239999998,2026-01-01,323
87,,,,type,72.0,22.775098500000002,2026-01-01,323
88,,,,type,73.0,0.0,2026-01-01,323
89,,,,type,74.0,0.0,2026-01-01,323
90,,,,type,75.0,760.1496670000001,2026-01-01,323
91,,,,type,76.0,1841.4538500000008,2026-01-01,323
92,,,,type,77.0,0.0,2026-01-01,323
93,,,,type,78.0,0.0,2026-01-01,323
94,,,,type,79.0,0.0,2026-01-01,323
95,,,,type,80.0,0.0,2026-01-01,323
96,,,,type,81.0,2.25,2026-01-01,323
97,,30.0,,,,1717.3475833999996,2026-01-01,323
98,,,,type,82.0,1717.3475833999996,2026-01-01,323
100,,31.0,,,,93.6235015275,2026-01-01,323
101,,,,type,83.0,3.68166,2026-01-01,323
102,,,,type,84.0,3.5037105274999796,2026-01-01,323
103,,,,type,85.0,21.616005,2026-01-01,323
104,,,,type,86.0,64.82212600000001,2026-01-01,323
105,,,,type,87.0,0.0,2026-01-01,323
106,,32.0,,,,1686.240047,2026-01-01,323
107,,,,type,88.0,41.963559554279186,2026-01-01,323
108,,,,type,89.0,0.40827199999999997,2026-01-01,323
109,,,,type,90.0,409.1064764457207,2026-01-01,323
110,,,,type,91.0,1234.7617390000003,2026-01-01,323
113,9.0,,,,,3991.261038914484,2026-01-01,323
114,,33.0,,,,2249.7932163333335,2026-01-01,323
115,,,,type,92.0,4.270000000000001,2026-01-01,323
116,,,,type,93.0,0.0,2026-01-01,323
117,,,,type,94.0,0.0,2026-01-01,323
118,,,,type,95.0,21.938186000000005,2026-01-01,323
119,,,,type,96.0,246.18233300000003,2026-01-01,323
120,,,,type,97.0,22.450006000000002,2026-01-01,323
121,,,,type,98.0,70.528571,2026-01-01,323
122,,,,type,99.0,1576.2178213333334,2026-01-01,323
123,,,,type,100.0,0.0,2026-01-01,323
124,,,,type,101.0,0.0,2026-01-01,323
125,,,,type,102.0,57.322691,2026-01-01,323
126,,,,type,103.0,0.0,2026-01-01,323
127,,,,type,104.0,0.0,2026-01-01,323
128,,,,type,105.0,1.15,2026-01-01,323
129,,,,type,106.0,0.75,2026-01-01,323
130,,,,type,107.0,24.466812000000004,2026-01-01,323
131,,,,type,108.0,0.0,2026-01-01,323
132,,,,type,109.0,59.601351,2026-01-01,323
133,,,,type,110.0,19.073574999999998,2026-01-01,323
134,,,,type,111.0,-0.25,2026-01-01,323
135,,,,type,112.0,74.0,2026-01-01,323
136,,,,type,113.0,72.09187,2026-01-01,323
137,,34.0,,,,841.612883454605,2026-01-01,323
138,,,,type,114.0,0.0,2026-01-01,323
139,,,,type,115.0,841.612883454605,2026-01-01,323
140,,35.0,,,,174.14028715,2026-01-01,323
141,,,,type,116.0,35.398332999999994,2026-01-01,323
142,,,,type,117.0,0.0,2026-01-01,323
143,,,,type,118.0,0.0,2026-01-01,323
144,,,,type,119.0,38.339763149999996,2026-01-01,323
145,,,,type,120.0,5.8500000000000005,2026-01-01,323
146,,,,type,121.0,4.5,2026-01-01,323
147,,,,type,122.0,39.53565,2026-01-01,323
148,,,,type,123.0,23.604630000000007,2026-01-01,323
149,,,,type,124.0,26.91191099999999,2026-01-01,323
150,,,,type,125.0,0.0,2026-01-01,323
151,,36.0,,,,433.83975837874516,2026-01-01,323
152,,,,type,126.0,99.08230599999996,2026-01-01,323
153,,,,type,127.0,3.078836,2026-01-01,323
154,,,,type,128.0,0.0,2026-01-01,323
155,,,,type,129.0,0.0,2026-01-01,323
156,,,,type,130.0,-25.0,2026-01-01,323
157,,,,type,131.0,0.0,2026-01-01,323
158,,,,type,132.0,216.2596820000001,2026-01-01,323
159,,,,type,133.0,138.7534343787452,2026-01-01,323
160,,,,type,134.0,1.6655,2026-01-01,323
161,,37.0,,,,291.8748935978,2026-01-01,323
162,,,,type,135.0,29.023135,2026-01-01,323
163,,,,type,136.0,262.85175859779997,2026-01-01,323
164,,,,type,137.0,0.0,2026-01-01,323
167,10.0,,,,,28764.709008689697,2026-01-01,323
168,,38.0,,,,25863.2546846897,2026-01-01,323
169,,,,type,138.0,9474.90326815792,2026-01-01,323
170,,,,type,139.0,16388.351416531772,2026-01-01,323
171,,39.0,,,,0.0,2026-01-01,323
172,,,,type,140.0,0.0,2026-01-01,323
173,,40.0,,,,2901.4543240000003,2026-01-01,323
174,,,,type,141.0,63.982806386007496,2026-01-01,323
175,,,,type,142.0,529.6432179858546,2026-01-01,323
176,,,,type,143.0,1986.181630825057,2026-01-01,323
177,,,,type,144.0,75.31452522674998,2026-01-01,323
178,,,,type,145.0,9.89,2026-01-01,323
179,,,,type,146.0,30.3431,2026-01-01,323
180,,,,type,147.0,201.93732657633063,2026-01-01,323
181,,,,type,148.0,4.1617169999999994,2026-01-01,323
184,11.0,,,,,202.93911276566874,2026-01-01,323
185,,41.0,,,,181.95452676566873,2026-01-01,323
186,,42.0,,,,-72.654738,2026-01-01,323
187,,,,type,149.0,0.0,2026-01-01,323
188,,,,type,150.0,0.0,2026-01-01,323
189,,,,type,151.0,0.0,2026-01-01,323
190,,,,type,152.0,0.0,2026-01-01,323
191,,,,type,153.0,181.95452676566873,2026-01-01,323
192,,,,type,154.0,0.0,2026-01-01,323
193,,,,type,155.0,0.0,2026-01-01,323
194,,,,type,156.0,-72.654738,2026-01-01,323
195,,,,type,157.0,0.0,2026-01-01,323
196,,,,type,158.0,0.0,2026-01-01,323
197,,,,type,159.0,0.0,2026-01-01,323
198,,43.0,,,,93.63932399999999,2026-01-01,323
199,,44.0,,,,0.0,2026-01-01,323
201,12.0,,,,,-1.072051,2026-01-01,323
