row_number,financial_type,financial_metric,financial_submetric,actual2_value,date,version_id
R45,,,91.0,611.9999999999995,2026-08-01,333
R46,,144.0,,101321.66666666666,2026-08-01,333
R47,,,92.0,101015.66666666666,2026-08-01,333
R44,,,90.0,0.20491870897913525,2026-08-01,333
R16,,,74.0,324400.76554859744,2026-08-01,333
R17,,,75.0,-321225.0,2026-08-01,333
R21,,,79.0,-321225.0,2026-08-01,333
R20,,,78.0,2563.765548597439,2026-08-01,333
R19,,,77.0,611.9999999999995,2026-08-01,333
R15,,138.0,,4700216.429150346,2026-08-01,333
R23,,139.0,,4703392.194698943,2026-08-01,333
R25,,140.0,,4703392.194698943,2026-08-01,333
R24,,,81.0,4701804.311924644,2026-08-01,333
R26,,,82.0,4701804.311924644,2026-08-01,333
R22,,,80.0,0.8333353899992113,2026-08-01,333
R18,,,76.0,0.20491870897913525,2026-08-01,333
