label,financial_type,financial_metric,financial_submetric,budget_value,date,version_id
R15,,138.0,,5474297.920062047,2026-02-01,268
R16,,,74.0,369203.741935484,2026-02-01,268
R17,,,75.0,-342061.021175419,2026-02-01,268
R18,,,76.0,0.2028397565922921,2026-02-01,268
R19,,,77.0,299.9999999999998,2026-02-01,268
R20,,,78.0,26842.720760065014,2026-02-01,268
R21,,,79.0,-342061.021175419,2026-02-01,268
R22,,,80.0,0.7581412425359733,2026-02-01,268
R23,,139.0,,5501440.640822113,2026-02-01,268
R24,,,81.0,5487869.2804420795,2026-02-01,268
R25,,140.0,,5501440.640822113,2026-02-01,268
R26,,,82.0,5487869.2804420795,2026-02-01,268
