financial_type_id,financial_metric_id,financial_submetric_id,real_value,date,mapping_type,version_id
,141.0,,5750802.0,2025-02-01,reel,2
,143.0,,92118.0,2025-02-01,reel,2
,,83.0,355649.0,2025-02-01,reel,2
,,84.0,-357034.0,2025-02-01,reel,2
,,86.0,-1385.0,2025-02-01,reel,2
,,88.0,1833.0,2025-02-01,reel,2
,,89.0,-1068.0,2025-02-01,reel,2
,,91.0,765.0,2025-02-01,reel,2
,,85.0,0.0,2025-02-01,reel,2
,,90.0,0.13866453159064968,2025-02-01,reel,2
,142.0,,5672977.0,2025-02-01,reel,2
,,87.0,5673669.5,2025-02-01,reel,2
,144.0,,92807.0,2025-02-01,reel,2
,,92.0,92424.5,2025-02-01,reel,2
47.0,,,0.0,2025-02-01,reel,2
,138.0,,5766404.0,2025-02-01,reel,2
,,74.0,357482.0,2025-02-01,reel,2
,,75.0,-358102.0,2025-02-01,reel,2
,,76.0,0.13866453159064968,2025-02-01,reel,2
,,77.0,765.0,2025-02-01,reel,2
,,78.0,-1385.0,2025-02-01,reel,2
,,79.0,-358102.0,2025-02-01,reel,2
,,80.0,0.0,2025-02-01,reel,2
,139.0,,5765784.0,2025-02-01,reel,2
,,81.0,5766094.0,2025-02-01,reel,2
,140.0,,5765784.0,2025-02-01,reel,2
,,82.0,5766094.0,2025-02-01,reel,2
,141.0,,5750802.0,2025-02-01,budget,2
,143.0,,92118.0,2025-02-01,budget,2
,,83.0,355649.0,2025-02-01,budget,2
,,84.0,-357034.0,2025-02-01,budget,2
,,86.0,-1385.0,2025-02-01,budget,2
,,88.0,1833.0,2025-02-01,budget,2
,,89.0,-1068.0,2025-02-01,budget,2
,,91.0,765.0,2025-02-01,budget,2
,,85.0,0.0,2025-02-01,budget,2
,,90.0,0.13866453159064968,2025-02-01,budget,2
,142.0,,5672977.0,2025-02-01,budget,2
,,87.0,5673669.5,2025-02-01,budget,2
,144.0,,92807.0,2025-02-01,budget,2
,,92.0,92424.5,2025-02-01,budget,2
47.0,,,0.0,2025-02-01,budget,2
,138.0,,5766404.0,2025-02-01,budget,2
,,74.0,357482.0,2025-02-01,budget,2
,,75.0,-358102.0,2025-02-01,budget,2
,,76.0,0.13866453159064968,2025-02-01,budget,2
,,77.0,765.0,2025-02-01,budget,2
,,78.0,-1385.0,2025-02-01,budget,2
,,79.0,-358102.0,2025-02-01,budget,2
,,80.0,0.0,2025-02-01,budget,2
,139.0,,5765784.0,2025-02-01,budget,2
,,81.0,5766094.0,2025-02-01,budget,2
,140.0,,5765784.0,2025-02-01,budget,2
,,82.0,5766094.0,2025-02-01,budget,2
,141.0,,5750802.0,2025-02-01,2023_reel,2
,143.0,,92118.0,2025-02-01,2023_reel,2
,,83.0,-5144395977.0,2025-02-01,2023_reel,2
,,84.0,-1624031512.0,2025-02-01,2023_reel,2
,,86.0,-348617638.0,2025-02-01,2023_reel,2
,,88.0,0.0251593811165909,2025-02-01,2023_reel,2
,,89.0,101.45610843325032,2025-02-01,2023_reel,2
,,91.0,124.24427485083945,2025-02-01,2023_reel,2
,,85.0,-5144395977.0,2025-02-01,2023_reel,2
,,90.0,9.0328458177693,2025-02-01,2023_reel,2
,142.0,,5672977.0,2025-02-01,2023_reel,2
,,87.0,0.0,2025-02-01,2023_reel,2
,144.0,,92807.0,2025-02-01,2023_reel,2
,,92.0,9.265558451663496,2025-02-01,2023_reel,2
47.0,,,0.0,2025-02-01,2023_reel,2
,138.0,,5766404.0,2025-02-01,2023_reel,2
,,74.0,0.0,2025-02-01,2023_reel,2
,,75.0,4889057.0,2025-02-01,2023_reel,2
,,76.0,-20967997.0,2025-02-01,2023_reel,2
,,77.0,-205814309.0,2025-02-01,2023_reel,2
,,78.0,-585505871.0,2025-02-01,2023_reel,2
,,79.0,6740473140.0,2025-02-01,2023_reel,2
,,80.0,-1129500792.0,2025-02-01,2023_reel,2
,139.0,,5765784.0,2025-02-01,2023_reel,2
,,81.0,0.0,2025-02-01,2023_reel,2
,140.0,,5765784.0,2025-02-01,2023_reel,2
,,82.0,-5144395977.0,2025-02-01,2023_reel,2
