real_value,budget_value,actual2_value,last_year_real_value,financial_type_id,financial_metric_id,date
7029.233772075,5830.10769204496,5506.58957250216,5235.802691075,5,,07-01-2025
462.034828075,452.225870871359,462.225870871359,408.798715075,6,,07-01-2025
348.535081,300.992550335023,351.992550262333,229.257359,7,,07-01-2025
2975.686265,1769.68523153956,1675.42544803123,1745.285404,8,,07-01-2025
437.827765,452.523563721038,419.314447562519,436.752285,9,,07-01-2025
2626.797149,2829.9309312842,2572.88171148094,2479.199426,10,,07-01-2025
177.650888,24.7495442937778,24.7495442937778,-63.491522,11,,07-01-2025
0.701796,,,0.001024,12,,07-01-2025
738.716072000001,841.344855083333,739.797339241667,734.063639,,28,07-01-2025
1912.621014,604.224795083333,615.333603583333,637.982148,,29,07-01-2025
141.093713,141.093713206229,141.093713206229,162.158736,,30,07-01-2025
6.423532,9.00522966666667,9.200792,7.349892,,31,07-01-2025
176.831934,174.0166385,170.0,203.730989,,32,07-01-2025
260.457844,282.890833308148,282.890833308148,358.307234,,33,07-01-2025
75.004342,88.1656049128898,72.1231554210374,78.289802,,34,07-01-2025
0.828855999999999,14.1666666666667,12.0,6.557683,,35,07-01-2025
74.597515,47.3004588333333,27.3004588333333,31.055658,,36,07-01-2025
26.939208,20.0,25.0,-37.458092,,37,07-01-2025
2352.643136,2665.8633453989,2333.72127765722,2322.929406,,38,07-01-2025
,,,0.0,,39,07-01-2025
274.154013,164.067585885307,239.160433823715,156.27002,,40,07-01-2025
161.0,13.2182883333333,13.2182883333333,-72.770228,,41,07-01-2025
8.325444,0.0,0.0,0.0,,42,07-01-2025
8.325444,11.5312559604444,11.5312559604444,9.278706,,43,07-01-2025
,,,0.0,,44,07-01-2025
