last_year_real_value,budget_value,actual1_value,actual2_value,actual3_value,financial_type_id,financial_metric_id,financial_submetric_id,date
1462.7556992165748,1441.4093961923572,,,,50,,,01-01-2025
1278.1498326616347,1270.4826559343944,,,,51,,,01-01-2025
5234.867685391846,4599.400387055702,,,,52,,,01-01-2025
42.10991135421495,39.85048725355758,,,,53,,,01-01-2025
14.608680490061747,13.788558187446498,,,,54,,,01-01-2025
1425.9141173398841,1410.3782494354373,,,,,145,,01-01-2025
36.84158187669056,31.03114675691991,,,,,146,,01-01-2025
1241.4268089649638,1239.5643255979319,,,,,147,,01-01-2025
36.72302369667083,30.91833033646263,,,,,148,,01-01-2025
4702.5185544900205,4561.140417608046,,,,,149,,01-01-2025
532.349130901825,38.25996944765575,,,,,150,,01-01-2025
24.466696787258552,24.153086227133784,,,,,151,,01-01-2025
17.643214566956402,15.697401026423798,,,,,152,,01-01-2025
23.63738201321208,23.93954753713221,,,,,153,,01-01-2025
2.0881445236000458,1.9768334073063731,,,,,154,,01-01-2025
22.944018781693917,22.70917448521762,,,,,,93,01-01-2025
121.05915735291397,116.67314599392733,,,,,,94,01-01-2025
16.97481975660044,14.95217416231957,,,,,,95,01-01-2025
60.04344568979085,63.44854259913809,,,,,,96,01-01-2025
25.267520436926734,23.86287499704336,,,,,,97,01-01-2025
4.038491725091841,3.4012887758852104,,,,,,98,01-01-2025
2.16338224636474,2.067815021468837,,,,,,99,01-01-2025
0.7388388035614519,0.603007852983778,,,,,,100,01-01-2025
