real_value,budget_value,last_year_real_value,financial_type_id,financial_metric_id,date
831.484882925,505.45936432532346,1255.172837885,1,,01-01-2025
825.997343925,438.79269765865683,1149.5538378850001,2,,01-01-2025
5.487539,0.0,98.0,3,,01-01-2025
0.0,66.66666666666666,7.619,4,,01-01-2025
613.938729,77.15866446236002,782.06634096,,1,01-01-2025
25.842129925,25.842129925,47.842129924999995,,2,01-01-2025
0.0,0.0,0.0,,3,01-01-2025
,61.70856993796349,0.0,,4,01-01-2025
29.702405,0.0,217.83653,,5,01-01-2025
,0.0,0.0,,6,01-01-2025
,0.0,0.0,,7,01-01-2025
156.51407999999998,274.0833333333333,101.808837,,8,01-01-2025
,0.0,0.0,,9,01-01-2025
,0.0,0.0,,10,01-01-2025
,0.0,0.0,,11,01-01-2025
0.0,0.0,98.0,,12,01-01-2025
,0.0,0.0,,13,01-01-2025
5.487539,0.0,0.0,,14,01-01-2025
,0.0,0.0,,15,01-01-2025
,0.0,0.0,,16,01-01-2025
0.0,0.0,0.0,,17,01-01-2025
,0.0,0.0,,18,01-01-2025
,0.0,0.0,,19,01-01-2025
,0.0,0.0,,20,01-01-2025
0.0,0.0,0.0,,21,01-01-2025
,0.0,0.0,,22,01-01-2025
0.0,0.0,0.0,,23,01-01-2025
0.0,0.0,0.0,,24,01-01-2025
0.0,66.66666666666666,1.375,,25,01-01-2025
0.0,0.0,0.0,,26,01-01-2025
0.0,0.0,6.244,,27,01-01-2025
960.5135249250001,908.34685038736,826.4122189250002,1,,02-01-2025
949.9259849250001,636.1801837206933,750.7121869250001,2,,02-01-2025
10.58754,255.5,25.531866,3,,02-01-2025
0.0,16.666666666666664,50.168166,4,,02-01-2025
618.980598,295.25472046236,371.78105500000004,,1,02-01-2025
25.842129925,25.842129925,47.842129924999995,,2,02-01-2025
0.0,0.0,0.0,,3,02-01-2025
,0.0,0.0,,4,02-01-2025
207.392086,41.0,137.524067,,5,02-01-2025
,0.0,0.0,,6,02-01-2025
,0.0,0.0,,7,02-01-2025
97.71117100000001,274.0833333333333,193.564935,,8,02-01-2025
,0.0,0.0,,9,02-01-2025
,0.0,0.0,,10,02-01-2025
,0.0,0.0,,11,02-01-2025
5.1,0.0,25.531866,,12,02-01-2025
,0.0,0.0,,13,02-01-2025
5.48754,255.5,0.0,,14,02-01-2025
,0.0,0.0,,15,02-01-2025
,0.0,0.0,,16,02-01-2025
0.0,0.0,47.718166,,17,02-01-2025
,0.0,0.0,,18,02-01-2025
,0.0,0.0,,19,02-01-2025
,0.0,0.0,,20,02-01-2025
0.0,0.0,0.0,,21,02-01-2025
,0.0,0.0,,22,02-01-2025
0.0,0.0,2.45,,23,02-01-2025
0.0,0.0,0.0,,24,02-01-2025
0.0,16.666666666666664,0.0,,25,02-01-2025
0.0,0.0,0.0,,26,02-01-2025
0.0,0.0,0.0,,27,02-01-2025
