real_value,budget_value,financial_type_id,financial_metric_id,date
3017908.0,3341888.9797179936,41,,01-01-2025
10.889409191641056,10.57554385092412,42,,01-01-2025
3531539953.0000005,4112971609.3090067,43,,01-01-2025
1170.1947020916477,1230.7325689963768,44,,01-01-2025
3.608264132518637,3.1645407477948413,45,,01-01-2025
324.3096012693587,388.91348447764267,46,,01-01-2025
995308.0,1090388.335784759,,120,01-01-2025
617165.0,683702.7540316274,,121,01-01-2025
1405435.0,1567797.8899016073,,122,01-01-2025
0.011643311118318888,0.017226701316134647,,123,01-01-2025
0.7587956915474051,0.7825291454340979,,124,01-01-2025
10.118970188975332,9.775788004173886,,125,01-01-2025
57129479.5242151,69481238.33012879,,126,01-01-2025
731362618.8667408,804550969.5477551,,127,01-01-2025
2743047854.6090446,3238939401.431123,,128,01-01-2025
57.398794668801116,63.721553184189865,,129,01-01-2025
1185.0357989625802,1176.7554903114187,,130,01-01-2025
1951.7429511923672,2065.916418368438,,131,01-01-2025
0.011698199068347575,0.015798684515215846,,132,01-01-2025
1.2294859422478674,1.1445458436721447,,133,01-01-2025
7.19988486765687,6.235362394056673,,134,01-01-2025
4906.635143875096,4033.345505622262,,135,01-01-2025
963.8465624063834,1028.1418580281006,,136,01-01-2025
271.0797446164639,331.32259006109996,,137,01-01-2025
2884703.0,3356365.6847287565,41,,02-01-2025
9.581888083205708,9.787605449469769,42,,02-01-2025
3280484311.0,3750923502.9023943,43,,02-01-2025
1137.2000205913746,1117.555074516716,44,,02-01-2025
3.32162031349699,2.916132021609782,45,,02-01-2025
342.3630376929308,383.23198889321753,46,,02-01-2025
963137.0,1087895.0238689946,,120,02-01-2025
583583.0,681293.5749782257,,121,02-01-2025
1337983.0,1587177.085881536,,122,02-01-2025
0.010615017587969296,0.015257892612383946,,123,02-01-2025
0.5895918743124658,0.7004747641843323,,124,02-01-2025
8.981681191305272,9.071872792673053,,125,02-01-2025
52384719.69281846,61664460.83907046,,126,02-01-2025
673001988.429178,712473275.0186872,,127,02-01-2025
2555097602.8780036,2976785767.0446367,,128,02-01-2025
54.38968671416264,56.68236317486471,,129,02-01-2025
1153.224114529001,1045.765439724656,,130,02-01-2025
1909.6637273253873,1875.5221414951923,,131,02-01-2025
0.011021295607965737,0.014025151579534495,,132,02-01-2025
1.0102965204820324,1.0281540732373993,,133,02-01-2025
6.7128515020783315,5.715728177637112,,134,02-01-2025
4934.96306140741,4041.479541481436,,135,02-01-2025
1141.4709356603298,1017.1291122076705,,136,02-01-2025
284.47876833476,328.13354365471855,,137,02-01-2025
