entity_id,entity_type,year,last_year_total,current_year_total,jan,feb,mar,apr,may,jun,jul,aug,sep,oct,nov,dec,version_id
1,category,2025,12695.623311,11978.147703999999,1443.865185,933.03315,738.277962,1114.713652,729.520627,513.629764,2211.256435,991.144035,409.750993,849.894697,781.599212,,185
2,category,2025,1686.475854,0.0,0.0,0.0,0.0,0.0,0.0,0.0,0.0,0.0,0.0,0.0,0.0,,185
3,category,2025,967.84271,4649.601317,608.523317,304.681933,123.14214,0.0,0.0,0.0,0.0,0.0,0.0,2631.629408,0.0,,185
4,category,2025,126562.49716490686,97048.29686869279,9772.111054420899,9492.3589774933,5071.2680122709,11326.5221336376,6867.2651350522,4237.208036273671,10355.323052343656,9170.085791707601,5124.603983391367,10099.832172820401,8144.456990984005,,185
1,section,2025,141912.43903990687,113676.04588969277,11824.499556420898,10730.074060493302,5932.6881142709,12441.2357856376,7596.7857620522,4750.837800273671,12566.579487343655,10161.2298267076,5534.354976391367,13581.3562778204,8926.056202984004,,185
2,section,2025,141912.43903990687,113676.04588969277,11824.499556420898,10730.074060493302,5932.6881142709,12441.2357856376,7596.7857620522,4750.837800273671,12566.579487343655,10161.2298267076,5534.354976391367,13581.3562778204,8926.056202984004,,185
5,category,2025,85356.1348353106,67950.73644916149,6102.675405911865,5852.096877449154,5635.25235482409,6224.605929148982,6040.593847000001,4955.00134260272,5405.753951833314,5563.071070794068,3295.824783027,4786.420276287798,5494.399978319992,,185
1,subcategory,2025,2208.506687,3540.830682,528.788074,517.316899,600.11933,268.605186,0.0,,250.296667,709.309735,0.0,315.75227,0.0,,185
2,subcategory,2025,416.66116127340007,113.83273700000001,15.337544,0.0,0.0,0.0,0.0,0.0,87.197156,0.0,0.0,0.0,0.0,,185
3,subcategory,2025,24901.58587708143,21683.153555999997,1856.355727,2159.488132,1159.974028,1938.85131,1433.776978,1959.830371,2003.668382,1609.045075,1089.431896,1882.655242,2955.929599,,185
4,subcategory,2025,17175.89745835105,11129.814733978792,1592.698897,827.754319,1060.26588974225,1104.246011777118,815.65075,834.470677,1012.164003758814,1123.3373433313561,668.998238027,612.393406925424,652.512444389831,,185
5,subcategory,2025,9416.808562959663,7807.1461669491555,240.097799,747.402357,288.967291,865.9518691176271,494.476817,709.220809,768.5382094199998,776.09236,448.67067,621.0871394115255,618.061516,,185
6,subcategory,2025,2749.9991549999995,2567.557511,190.369997,438.53747,16.564419,356.372218,165.721697,30.360172,165.718941,191.371157,0.0,356.27002,196.747733,,185
7,subcategory,2025,23948.78836707288,15920.48749254746,1277.829426911865,768.706495449153,2200.439362938983,1151.4611192542372,2702.070158,775.507213,714.841717,784.7633084627121,677.545426,637.5187819508475,636.782550579661,,185
8,subcategory,2025,4537.887566572175,5187.913569686077,401.1979409999999,392.8912049999999,308.922034142857,539.118215,428.89744700000006,645.6121006027199,403.32887565450005,369.15209200000004,411.17855299999997,360.7434159999998,434.36613535050014,,185
6,category,2025,15570.74608559626,20071.653349,1281.745283,623.764004,358.827806,2876.903738,902.984689,1594.965608,2092.956258,915.323231,1474.53919,4275.599657,380.84115599999996,,185
9,subcategory,2025,0.0,2078.42447,,,,,,,,,,1806.802753,271.621717,,185
10,subcategory,2025,0.0,401.592103,,,,,,,,,216.259183,58.80509,0.0,,185
11,subcategory,2025,0.0,17591.636776000003,1281.745283,623.764004,358.827806,2876.903738,902.984689,1594.965608,2092.956258,915.323231,1258.280007,2409.991814,109.219439,,185
12,subcategory,2025,0.0,0.0,,,,,,,,,,,,,185
13,subcategory,2025,15570.74608559626,0.0,,,,,,,,,,,,,185
14,subcategory,2025,0.0,0.0,0.0,0.0,0.0,0.0,0.0,0.0,0.0,0.0,0.0,0.0,0.0,,185
15,subcategory,2025,0.0,0.0,,,,,,,,,,,,,185
3,section,2025,100926.88092090687,88022.38979816149,7384.420688911865,6475.860881449154,5994.08016082409,9101.509667148981,6943.578536000001,6549.96695060272,7498.710209833314,6478.394301794068,4770.363973027001,9062.019933287796,5875.241134319993,,185
4,section,2025,100926.88092090687,88022.38979816149,7384.420688911865,6475.860881449154,5994.08016082409,9101.509667148981,6943.578536000001,6549.96695060272,7498.710209833314,6478.394301794068,4770.363973027001,9062.019933287796,5875.241134319993,,185
9,category,2025,38821.458119,16230.0,1450.0,1500.0,1110.0,1650.0,1300.0,970.0,1550.0,1200.0,900.0,1800.0,1200.0,,185
5,section,2025,2164.0999999999995,7210.656091531309,2990.0788675090334,2754.213179044148,-1171.39204655319,1689.7261184886192,-646.7927739478009,-4982.1291503290495,3517.869277510341,2482.835524913532,-136.0089966356336,2719.336344532603,1850.815068664011,,185
6,section,2025,2164.0999999999995,2359.4,2990.0788675090334,5744.2920465531815,4572.899999999991,6262.626118488611,5615.83334454081,633.7041942117603,4151.573471722101,6634.408996635633,1804.0999999999985,4523.436344532602,6374.251413196613,,185
7,category,2025,3326.223482,0.0,0.0,0.0,0.0,0.0,0.0,0.0,0.0,0.0,0.0,0.0,0.0,,185
16,subcategory,2025,0.0,0.0,,,,,,,,,,,,,185
17,subcategory,2025,3326.223482,0.0,0.0,0.0,0.0,0.0,0.0,0.0,0.0,0.0,0.0,0.0,0.0,,185
7,section,2025,3326.223482,0.0,0.0,0.0,0.0,0.0,0.0,0.0,0.0,0.0,0.0,0.0,0.0,,185
8,section,2025,3326.223482,0.0,0.0,0.0,0.0,0.0,0.0,0.0,0.0,0.0,0.0,0.0,0.0,,185
8,category,2025,5830.077489162908,-9489.548563353565,-1531.4019990000002,-3196.384425,343.7813270999868,-4195.502372000001,3436.7538329999998,1212.47698778826,463.47075300000006,-413.44266499999986,-1566.3343609999997,996.86385,-2164.9087950000003,,185
20,subcategory,2025,3833.13366,4156.0,172.478594,115.412851,740.408555,219.467792,120.390942,749.0412660000001,209.128234,129.485753,664.250347,92.748594,122.429085,,185
21,subcategory,2025,27611.1193426173,21658.645476241814,2442.393674,4361.971574,1369.818057,4477.299871,283.362235,350.843081,265.226333,687.503757,1312.181363,33.110441,2595.309212,,185
22,subcategory,2025,0.0,0.0,,,,,,,,,,,,,185
23,subcategory,2025,37265.742318780205,16325.096912888246,1083.470269,1281.0,2454.0079390999867,501.265291,3840.50701,2312.36133478826,937.82532,403.546845,410.097349,1122.722885,552.829502,,185
24,subcategory,2025,0.0,0.0,,,,,,,,,,,,,185
25,subcategory,2025,0.0,0.0,,,,,,,,,,,,,185
26,subcategory,2025,8.588173000000001,0.0,0.0,0.0,0.0,0.0,0.0,0.0,0.0,0.0,0.0,0.0,0.0,,185
9,section,2025,5830.077489162908,-9489.548563353565,-1531.4019990000002,-3196.384425,343.7813270999868,-4195.502372000001,3436.7538329999998,1212.47698778826,463.47075300000006,-413.44266499999986,-1566.3343609999997,996.86385,-2164.9087950000003,,185
10,section,2025,52481.96365047032,-61643.26414972412,-1531.4019990000002,-4727.786424,-4384.005096900013,-8579.507468900014,-5142.753635900014,-3930.276648111754,-3466.805895111754,-3880.248560111754,-5446.582921111754,-4449.719071111755,-6614.627866111755,,185
11,section,2025,5681.5540071629075,-2278.892471822256,1458.6768685090333,-442.1712459558521,-827.6107194532033,-2505.7762535113816,2789.961059052199,-3769.6521625407895,3981.340030510341,2069.392859913532,-1702.3433576356333,3716.200194532603,-314.09372633598923,,185
12,section,2025,5681.5540071629075,-2278.892471822256,1458.6768685090333,-442.1712459558521,-827.6107194532033,-2505.7762535113816,2789.961059052199,-3769.6521625407895,3981.340030510341,2069.392859913532,-1702.3433576356333,3716.200194532603,-314.09372633598923,,185
10,category,2025,0.0,0.0,,,,,,,,,,,,,185
11,category,2025,0.0,0.0,,,,,,,,,,,,,185
12,category,2025,10453.148100899998,8174.255629077741,11911.824969409032,11469.653723453179,10642.043003999976,8136.266750488594,10926.227809540793,7156.575647000003,11137.915677510344,13207.308537423876,11504.965179788243,15221.165374320846,14907.071647984856,,185
13,section,2025,10453.148100899998,8174.255629077741,11911.824969409032,11469.653723453179,10642.043003999976,8136.266750488594,10926.227809540793,7156.575647000003,11137.915677510344,13207.308537423876,11504.965179788243,15221.165374320846,14907.071647984856,,185
13,category,2025,71283.011733,70400.129042,71483.011733,68286.602181,69495.911518,67822.175422,70747.05650600001,70838.644149,71433.891271,71093.982773,73694.440216,71077.636523,72110.811481,,185
14,category,2025,0.0,0.0,,,,,,,,,,,,,185
15,category,2025,1530.621412,747.448136077749,1341.472304,1440.40087,1446.722626,1270.538391,1275.829463,1280.607503,769.271567908299,746.152436946188,819.004272175315,693.525462432253,671.380180295686,,185
16,category,2025,0.0,0.0,,,,,,,,,,,,,185
17,category,2025,762.270374,1088.678451,617.037857,603.139626,834.40886,625.044157,664.248638,906.423995,809.365404,1054.635443,1013.403831,988.368225,1260.59253,,185
14,section,2025,73575.903519,72236.25562907774,73441.521894,70330.142677,71777.04300399999,69717.75796999999,72687.13460700001,73025.67564700001,73012.5282429083,72894.77065294619,75526.84831917532,72759.53021043225,74042.78419129568,,185
