financial_type_id,entity_id,entity_type,real_value,date,version_id
,1.0,subcategory,713.3520156186441,2026-07-01,332
,2.0,subcategory,918.6621777372881,2026-07-01,332
,6.0,subcategory,248.42165356779662,2026-07-01,332
,7.0,subcategory,92.92422284745763,2026-07-01,332
,16.0,subcategory,2.7316889830508475,2026-07-01,332
,56.0,subcategory,-55.02206397457631,2026-07-01,332
,57.0,subcategory,67.55880258474579,2026-07-01,332
,61.0,subcategory,0.17876264406779702,2026-07-01,332
,62.0,subcategory,2.20536394067797,2026-07-01,332
22.0,,,119.34732542372882,2026-07-01,332
