financial_type_id,financial_metric_id,financial_submetric_id,actu1_value,date,version_id
33.0,,,16540284.0,2025-04-01,4
34.0,,,2573873.0,2025-04-01,4
35.0,,,168108.0,2025-04-01,4
36.0,,,54023.0,2025-04-01,4
37.0,,,105836281796.79417,2025-04-01,4
,93.0,,31970954629.56151,2025-04-01,4
,94.0,,31963853106.935917,2025-04-01,4
,95.0,,7146832607.159756,2025-04-01,4
,96.0,,12669676057.841843,2025-04-01,4
,97.0,,1204800241.2240071,2025-04-01,4
,98.0,,6850075790.879305,2025-04-01,4
,99.0,,9640386692.442505,2025-04-01,4
,100.0,,1082330617.8276668,2025-04-01,4
,101.0,,842960132.6354471,2025-04-01,4
,102.0,,1212704956.7995162,2025-04-01,4
,103.0,,1251706963.4866915,2025-04-01,4
38.0,,,651640269.3317822,2025-04-01,4
,104.0,,,2025-04-01,4
,105.0,,490980076.9694189,2025-04-01,4
,106.0,,10451326.932502601,2025-04-01,4
,107.0,,63759436.5248514,2025-04-01,4
,108.0,,10746558.073676169,2025-04-01,4
,109.0,,45315476.6693226,2025-04-01,4
,110.0,,11389112.06842911,2025-04-01,4
,111.0,,7731721.969541733,2025-04-01,4
,112.0,,649934.486085154,2025-04-01,4
,113.0,,2957070.6243932056,2025-04-01,4
,114.0,,0.0,2025-04-01,4
,115.0,,7659555.013561085,2025-04-01,4
39.0,,,483865669.4,2025-04-01,4
,116.0,,481498384.1518804,2025-04-01,4
,,47.0,186701306.1918095,2025-04-01,4
,,48.0,288171851.3131833,2025-04-01,4
,,49.0,0.0,2025-04-01,4
,,50.0,5493373.668128345,2025-04-01,4
,,51.0,0.0,2025-04-01,4
,,52.0,0.0,2025-04-01,4
,,53.0,105054.55133427051,2025-04-01,4
,,54.0,0.0,2025-04-01,4
,,55.0,1026798.4274249367,2025-04-01,4
,117.0,,2118723.9642880326,2025-04-01,4
,,56.0,1194076.4327114567,2025-04-01,4
,,57.0,924647.5315765758,2025-04-01,4
,,58.0,,2025-04-01,4
,,59.0,,2025-04-01,4
,,60.0,,2025-04-01,4
,,61.0,,2025-04-01,4
,,62.0,,2025-04-01,4
,,63.0,,2025-04-01,4
,,64.0,,2025-04-01,4
,118.0,,248561.28383152265,2025-04-01,4
,,65.0,,2025-04-01,4
,,66.0,,2025-04-01,4
,,67.0,,2025-04-01,4
,,68.0,,2025-04-01,4
,,69.0,,2025-04-01,4
,,70.0,,2025-04-01,4
,,71.0,,2025-04-01,4
,,72.0,,2025-04-01,4
,,73.0,248561.28383152265,2025-04-01,4
40.0,,,164971553.47133946,2025-04-01,4
,119.0,,0.2542572276314245,2025-04-01,4
