last_year_real_value,budget_value,actual1_value,actual2_value,actual3_value,entity_id,entity_type,date
45973.65399500001,42546.215556458286,47033.24007460576,0.0,42221.11308916573,160,type,01-01-2024
143.772997,153.91244154471332,177.64687584402898,126.5512127772977,124.90618289745896,161,type,01-01-2024
264.778325,253.4585830057873,247.68714809086077,239.030265168693,219.3037792856713,162,type,01-01-2024
2041.5901901576326,2289.407257500404,2348.7230414469577,2315.7175722643747,2216.6062255648535,163,type,01-01-2024
16.528505,24.655290011969203,23.430758083150245,18.832251547159313,15.239807153754219,164,type,01-01-2024
348.8053556677887,339.9928600337937,325.79447650932406,236.82312522307464,305.2355649563166,165,type,01-01-2024
728.31021,659.4886756817309,589.2252035005557,546.3059873624126,567.7835567395688,166,type,01-01-2024
0.0,,,,,167,type,01-01-2024
0.0,,,,,168,type,01-01-2024
2898.5005650000003,2650.443197406981,2718.861887997229,2662.7879196619897,2568.7841419959004,169,type,01-01-2024
0.674633,0.3845052191558503,0.7007083557437419,0.6325926952082175,0.7009252590615477,170,type,01-01-2024
7.553418,4.871593450434643,8.792479883809182,7.887565740822487,5.828886722778245,171,type,01-01-2024
52.122457,41.26376394178165,52.410424543184675,49.48069303139551,42.364995207950265,172,type,01-01-2024
-159.966797,-110.81713800000004,-233.61121500000004,-209.12570100000002,-122.235307,1,category,01-01-2024
45514.083464457646,42012.989362935834,45501.482707289586,44252.64627088244,41114.586293031716,2,category,01-01-2024
87.63628999999999,61.39871190531714,59.140472554396524,59.884046063861476,72.83608623858359,3,category,01-01-2024
43055.339309,53656.802264327845,49601.59868689908,47210.10335823205,45701.50005352964,4,category,01-01-2024
531.9010375423728,582.644619617134,1706.2281097617772,1440.184052251442,1155.9260168954374,5,category,01-01-2024
16.472157999999997,14.208654674574639,15.218294568609414,13.45348281848523,12.523131017720779,6,category,01-01-2024
0.056347,0.2798890793300429,0.5873913209924377,0.2953775996418235,0.17497607151731032,7,category,01-01-2024
14.661799,17.521864030437662,26.228231151954745,22.590491322734245,14.00449281902501,8,category,01-01-2024
0.0,10.16674625806452,7.625072193548391,5.08339112903226,2.54170006451613,9,category,01-01-2024
176.5761031491633,150.25046225576793,165.5544778209677,115.93030249237901,130.3197642912821,10,category,01-01-2024
162.2263805186254,182.3684777135096,150.96857955932413,111.62529679521177,165.5726103747119,11,category,01-01-2024
214.44564917457808,469.2430507598323,137.3885442614919,222.3280541466678,402.06092278890526,12,category,01-01-2024
10.002872,7.3739200645161285,9.271419129032257,9.267525935483873,9.34319029032258,13,category,01-01-2024
580.990649,517.9493702716177,427.98278227789586,398.75904172350937,404.72421124009236,14,category,01-01-2024
2.83883,2.3639753972099946,1.324867932333432,3.1481387485767804,2.70467718771567,15,category,01-01-2024
1227.233189,1595.362192503886,1492.209157101976,1370.8382622098463,1254.420612693448,16,category,01-01-2024
144.480731,139.17533001290323,159.91755329032642,144.3988068903264,160.35466831176078,17,category,01-01-2024
0.0,0.0,0.0,0.0,0.0,18,category,01-01-2024
0.0,0.0,0.0,0.0,0.0,19,category,01-01-2024
0.0,0.0,0.0,0.0,0.0,20,category,01-01-2024
1456.3406371745782,2082.1271072941563,1655.8259325154227,1615.7568076792484,1670.4860283013782,21,category,01-01-2024
21114.269392237304,20085.705170186025,21569.903323218183,20315.705426229168,18794.826425139163,1,subcategory,01-01-2024
21426.06122944068,18464.202383067095,20690.072902138185,20501.139811672205,19090.156035681823,2,subcategory,01-01-2024
0.0,0.0,0.0,0.0,0.0,3,subcategory,01-01-2024
0.0,0.0,0.0,0.0,0.0,4,subcategory,01-01-2024
0.0,918.6469117810864,0.0,113.555211,458.7722371817125,5,subcategory,01-01-2024
504.61093545762714,503.7385597806174,925.4934607303397,1099.1256947608108,753.1203565732635,6,subcategory,01-01-2024
2277.915047322034,1832.130298583775,2116.8417073028522,1998.644237841179,1860.7982459191335,7,subcategory,01-01-2024
191.22686000000002,208.5660395372296,199.17131390002496,224.47588937907264,156.91299253661475,8,subcategory,01-01-2024
25.897273,16.214350734185505,17.064100832317706,16.25926623922023,21.744486355490793,9,subcategory,01-01-2024
22.816117999999996,16.66050419110311,17.420512240999486,15.739349414924813,19.068546853820024,10,subcategory,01-01-2024
0.0,0.0,0.0,0.0,0.0,11,subcategory,01-01-2024
0.036873,0.0,0.008742822274666629,0.01794152374719746,0.020845526554018102,12,subcategory,01-01-2024
4.265927,5.229012151204636,2.856250787345782,4.128608582450355,4.911002225811279,13,subcategory,01-01-2024
34.620098999999996,23.29484482882389,21.790865871458887,23.738880303518876,27.091205276907466,14,subcategory,01-01-2024
12.158026288135597,8.047670037521199,6.464705255744915,83.87706479777043,82.9454095520083,15,subcategory,01-01-2024
320.6121010774819,129.19410942271466,73.2881207948179,102.20209178102195,86.5563500768377,16,subcategory,01-01-2024
0.0,0.0,0.0,0.0,0.0,17,subcategory,01-01-2024
0.0,0.0,0.0,0.0,0.0,18,subcategory,01-01-2024
0.0,0.0,0.0,0.0,0.0,19,subcategory,01-01-2024
199.13091017675538,445.40284015689815,1626.4752837112144,1254.1048956726495,986.4242572665913,20,subcategory,01-01-2024
0.0,0.0,0.0,0.0,0.0,21,subcategory,01-01-2024
3.302598999999999,3.3568154296116512,3.273581046411773,2.9032337291599664,2.424529109075097,22,subcategory,01-01-2024
7.6060979999999985,7.618914710820504,6.528882190599132,6.130010229746165,5.304740314729961,23,subcategory,01-01-2024
0.0,0.0,0.0,0.0,0.0,24,subcategory,01-01-2024
0.0,0.0,0.0,0.0,0.0,25,subcategory,01-01-2024
0.10527900000000001,0.06035918633245454,0.3584713357108971,0.42727611822001543,0.4768280762290103,26,subcategory,01-01-2024
0.114778,0.11665316560903606,0.10533275030633889,0.10855291218032895,0.08043706284896156,27,subcategory,01-01-2024
2.694511,2.311719457826885,2.9185621055987077,1.2225499981534134,1.2305742874205443,28,subcategory,01-01-2024
2.6488929999999997,0.7441927243741087,2.0334651399825656,2.661859831025342,3.006022167417203,29,subcategory,01-01-2024
0.056347,0.0638210599827948,0.040622841377251764,0.05244616617811094,0.05496080222475161,30,subcategory,01-01-2024
0.0,0.0,0.0,0.0,0.0,31,subcategory,01-01-2024
0.0,0.0,0.0,0.0,0.0,32,subcategory,01-01-2024
0.0,0.0,0.0,0.0,0.0,33,subcategory,01-01-2024
0.0,0.0,0.0,0.0,0.0,34,subcategory,01-01-2024
0.0,0.21606801934724812,0.5467684796151859,0.24293143346371254,0.12001526929255871,35,subcategory,01-01-2024
0.0,0.0,0.0,0.0,0.0,36,subcategory,01-01-2024
0.0,10.16674625806452,7.625072193548391,5.08339112903226,2.54170006451613,37,subcategory,01-01-2024
0.0,0.0,0.0,0.0,0.0,38,subcategory,01-01-2024
45.337826,30.102511229549012,35.684833626969905,28.294171836684555,32.61216410444026,39,subcategory,01-01-2024
77.99517200000001,79.17296874256708,76.30409666962103,64.62083268960055,65.54852684380637,40,subcategory,01-01-2024
0.0,0.0,0.0,0.0,0.0,41,subcategory,01-01-2024
0.0,0.0,0.0,0.0,0.0,42,subcategory,01-01-2024
0.0,0.0,0.0,0.0,0.0,43,subcategory,01-01-2024
0.595366,0.36727805242314265,0.4156044419986066,0.3277371318575229,0.34736902702066264,44,subcategory,01-01-2024
23.43595503135821,25.542397800399314,17.440921555069142,13.824803310723887,16.4810844544003,45,subcategory,01-01-2024
29.2117841178051,15.065306430829404,35.709021527309,8.862757523512503,15.330619861614483,46,subcategory,01-01-2024
162.2263805186254,182.3684777135096,150.96856152141325,111.62529679521177,165.5726103747119,47,subcategory,01-01-2024
0.0,0.0,0.0,0.0,0.0,48,subcategory,01-01-2024
0.0,0.0,0.0,0.0,0.0,49,subcategory,01-01-2024
0.0,0.0,0.0,0.0,0.0,50,subcategory,01-01-2024
0.0,0.0,0.0,0.0,0.0,51,subcategory,01-01-2024
0.0,0.0,1.8037910885455605e-05,0.0,0.0,52,subcategory,01-01-2024
0.0,0.0,0.0,0.0,0.0,53,subcategory,01-01-2024
10.002872,7.3739200645161285,9.271419129032257,9.267525935483873,9.34319029032258,54,subcategory,01-01-2024
0.0,0.0,0.0,0.0,0.0,55,subcategory,01-01-2024
227.05484933898265,172.74583494082728,160.97335017946847,146.8421147636224,162.3383537326277,56,subcategory,01-01-2024
298.14330229661056,296.29313893954856,217.82831581358442,209.47792238467088,198.8907589620242,57,subcategory,01-01-2024
0.0,0.0,0.0,0.0,0.0,58,subcategory,01-01-2024
0.0,0.0,0.0,0.0,0.0,59,subcategory,01-01-2024
0.0,0.0,0.0,0.0,0.0,60,subcategory,01-01-2024
4.498338940677966,4.581914154634957,6.866271639724926,5.621275743660592,7.362512806479203,61,subcategory,01-01-2024
29.0719234237288,20.545155784759036,17.478052530854338,22.831661599490904,26.128359321228793,62,subcategory,01-01-2024
22.222234999999998,23.78332645184782,24.836792114263726,13.986067232064578,10.004226417732417,63,subcategory,01-01-2024
-1.195336,0.3667990810756736,-0.10836951324816928,-0.4616996732710946,-1.9359666755704223,64,subcategory,01-01-2024
1.872142,0.7219429861984871,0.5814415890914924,1.6886141030922168,2.0498899864541538,65,subcategory,01-01-2024
0.0,0.0,0.0,0.0,0.0,66,subcategory,01-01-2024
0.0005440000000000001,0.00018754018793127415,0.0003358532436199121,0.00042798135674128145,0.0010889117501737204,67,subcategory,01-01-2024
0.7233949999999999,0.35823457848162155,0.08770991680076755,1.0053285696202656,0.926664420946033,68,subcategory,01-01-2024
1.438085,0.9168112112662812,0.7637500864457214,0.9154677677786511,1.6630005441357318,69,subcategory,01-01-2024
0.0,0.8064444,0.6059349999999998,0.40542559999999994,0.0,70,subcategory,01-01-2024
12.793242,12.17667832258064,14.466817516129032,14.484993451612905,15.267771290322578,71,subcategory,01-01-2024
131.216428,126.1922072903226,144.60265877419738,129.2190008387135,144.7577850214382,72,subcategory,01-01-2024
0.0,0.0,0.0,0.0,0.0,73,subcategory,01-01-2024
0.471061,0.0,0.242142,0.289387,0.329112,74,subcategory,01-01-2024
0.0,0.0,0.0,0.0,0.0,75,subcategory,01-01-2024
0.0,0.0,0.0,0.0,0.0,76,subcategory,01-01-2024
0.0,0.0,0.0,0.0,0.0,77,subcategory,01-01-2024
