budget_value,actual1_value,actual2_value,actual3_value,last_year_real_value,financial_type_id,financial_metric_id,financial_submetric_id,date
115899.62011364262,117510.35339795114,112877.19465230883,108391.75422406303,105542.99124400002,17,,,01-01-2024
114111.62011364262,115757.41701195114,111073.14529630882,106222.97038562961,104258.59658000003,18,,,01-01-2024
113546.79780958916,115001.67534951861,109728.47937745746,104772.03633125122,103530.78551300002,19,,,01-01-2024
109283.95446834322,110927.82363469133,106143.12942009077,101290.24195225198,99912.62160674918,20,,,01-01-2024
2696.9630600183536,2780.7655007799667,2720.788771129416,2617.6789491856907,2958.8510730000003,21,,,01-01-2024
1565.880281227582,1293.0862140473137,864.5611862372876,862.453353813559,659.3128332508475,22,,,01-01-2024
564.8223040534643,755.7416624325227,1344.6659188513465,1450.9340543783878,727.811067,23,,,01-01-2024
1788.0,1752.9363859999999,1784.049356,2148.7838384333963,1284.3946639999997,24,,,01-01-2024
42546.215556458286,47033.24007460576,45543.588668197735,42221.11308916573,45973.65399500001,,58,,01-01-2024
3720.9151077783986,3712.507503474878,3483.2604143430117,3449.0751165976235,3543.785582825421,,59,,01-01-2024
6437.894432484538,6944.442303653822,6227.560074324342,6242.394411860999,5123.700559000005,,60,,01-01-2024
840.0,1980.2091335423725,2061.19802131438,2005.6732527966105,759.8015237491527,,61,,01-01-2024
55738.929371622,51257.4246194145,48825.8601659113,47371.98608183102,44511.679946174576,,62,,01-01-2024
2696.9630600183536,2780.7655007799667,2720.788771129416,2617.6789491856907,2958.8510730000003,,63,,01-01-2024
,,,841.6937846108373,185.575105,,64,,01-01-2024
732.0,827.308089,995.78467,1446.0588797033897,520.217559,,65,,01-01-2024
1056.0,925.628297,788.264686,702.7249587300067,764.177105,,66,,01-01-2024
,,,0.0,0.0,,67,,01-01-2024
2696.7782820509046,2774.0570653818477,2681.2990502103653,2560.816187747984,2450.1415121576324,,,4,01-01-2024
1024.136825727494,938.45043809303,801.9613641326465,888.2589288496396,1093.6440706677886,,,5,01-01-2024
