id,capex_projects_id,month,year,equipment,services,additional_costs
1,1,1,2024,0,0,0
2,1,2,2024,0,-9713,0
3,1,3,2024,0,0,0
4,1,4,2024,0,0,0
5,1,5,2024,0,0,0
6,1,6,2024,0,0,0
7,1,7,2024,0,0,0
8,1,8,2024,0,0,0
9,1,9,2024,0,0,0
10,1,10,2024,0,0,0
11,1,11,2024,0,0,0
12,1,12,2024,0,0,0
13,2,1,2024,0,0,0
14,2,2,2024,0,0,0
15,2,3,2024,0,0,0
16,2,4,2024,0,0,0
17,2,5,2024,0,0,0
18,2,6,2024,0,0,0
19,2,7,2024,0,0,0
20,2,8,2024,0,0,0
21,2,9,2024,0,0,0
22,2,10,2024,0,0,0
23,2,11,2024,0,0,0
24,2,12,2024,0,-435749,0
25,3,1,2024,0,0,0
26,3,2,2024,0,0,0
27,3,3,2024,0,0,0
28,3,4,2024,0,0,0
29,3,5,2024,0,0,0
30,3,6,2024,0,0,0
31,3,7,2024,0,0,0
32,3,8,2024,0,0,0
33,3,9,2024,0,6590690,0
34,3,10,2024,0,0,0
35,3,11,2024,0,0,0
36,3,12,2024,0,0,0
37,4,1,2024,0,0,0
38,4,2,2024,0,0,0
39,4,3,2024,0,0,0
40,4,4,2024,0,0,0
41,4,5,2024,0,0,0
42,4,6,2024,0,0,0
43,4,7,2024,0,0,0
44,4,8,2024,0,0,0
45,4,9,2024,0,0,0
46,4,10,2024,0,-7945017,0
47,4,11,2024,0,0,0
48,4,12,2024,0,0,0
49,5,1,2024,0,0,0
50,5,2,2024,0,0,0
51,5,3,2024,0,0,0
52,5,4,2024,0,0,0
53,5,5,2024,0,0,0
54,5,6,2024,0,0,0
55,5,7,2024,0,0,0
56,5,8,2024,0,0,0
57,5,9,2024,0,0,0
58,5,10,2024,-30738158,0,0
59,5,11,2024,0,0,0
60,5,12,2024,0,0,0
61,6,1,2024,0,0,0
62,6,2,2024,0,0,0
63,6,3,2024,0,0,0
64,6,4,2024,0,0,0
65,6,5,2024,0,-16122883,0
66,6,6,2024,0,0,0
67,6,7,2024,0,0,0
68,6,8,2024,0,0,0
69,6,9,2024,0,0,0
70,6,10,2024,0,0,0
71,6,11,2024,0,0,0
72,6,12,2024,0,-3486045,0
73,7,1,2024,0,0,0
74,7,2,2024,0,32469872,0
75,7,3,2024,0,0,0
76,7,4,2024,0,0,0
77,7,5,2024,0,0,0
78,7,6,2024,0,0,0
79,7,7,2024,0,0,0
80,7,8,2024,0,0,0
81,7,9,2024,0,21646581,0
82,7,10,2024,0,0,0
83,7,11,2024,0,0,0
84,7,12,2024,0,-18940758,0
85,8,1,2024,0,0,0
86,8,2,2024,0,0,0
87,8,3,2024,0,0,0
88,8,4,2024,0,0,0
89,8,5,2024,0,0,0
90,8,6,2024,0,3358500,0
91,8,7,2024,0,0,0
92,8,8,2024,0,0,0
93,8,9,2024,0,0,0
94,8,10,2024,0,0,0
95,8,11,2024,0,0,0
96,8,12,2024,0,0,0
97,9,1,2024,0,0,0
98,9,2,2024,0,1032711,0
99,9,3,2024,0,0,0
100,9,4,2024,0,0,0
101,9,5,2024,0,0,0
102,9,6,2024,0,0,0
103,9,7,2024,0,0,0
104,9,8,2024,0,0,0
105,9,9,2024,0,0,0
106,9,10,2024,0,0,0
107,9,11,2024,0,0,0
108,9,12,2024,0,0,0
109,10,1,2024,0,0,0
110,10,2,2024,0,0,0
111,10,3,2024,0,0,0
112,10,4,2024,0,0,0
113,10,5,2024,0,0,0
114,10,6,2024,0,0,0
115,10,7,2024,0,0,0
116,10,8,2024,0,0,0
117,10,9,2024,0,0,0
118,10,10,2024,0,0,0
119,10,11,2024,0,0,0
120,10,12,2024,0,-3033279,0
121,11,1,2024,0,0,0
122,11,2,2024,0,0,0
123,11,3,2024,0,0,0
124,11,4,2024,0,0,0
125,11,5,2024,0,0,0
126,11,6,2024,0,0,0
127,11,7,2024,0,1813252,0
128,11,8,2024,0,-1813256,0
129,11,9,2024,0,0,0
130,11,10,2024,0,0,0
131,11,11,2024,0,-5224,0
132,11,12,2024,0,0,0
133,12,1,2024,0,0,0
134,12,2,2024,0,-11408176,0
135,12,3,2024,0,0,0
136,12,4,2024,0,0,0
137,12,5,2024,0,0,0
138,12,6,2024,0,0,0
139,12,7,2024,0,0,0
140,12,8,2024,0,0,0
141,12,9,2024,0,0,0
142,12,10,2024,0,0,0
143,12,11,2024,0,0,0
144,12,12,2024,0,-5648002,0
145,13,1,2024,0,0,0
146,13,2,2024,0,0,0
147,13,3,2024,0,-418646,0
148,13,4,2024,0,0,0
149,13,5,2024,0,0,0
150,13,6,2024,0,-837292,0
151,13,7,2024,0,0,0
152,13,8,2024,0,0,0
153,13,9,2024,0,0,0
154,13,10,2024,0,0,0
155,13,11,2024,0,7954271,0
156,13,12,2024,0,0,0
157,14,1,2024,0,18790415,0
158,14,2,2024,0,0,0
159,14,3,2024,0,0,0
160,14,4,2024,0,0,0
161,14,5,2024,0,0,0
162,14,6,2024,0,9889692,0
163,14,7,2024,0,-28979495,0
164,14,8,2024,0,0,0
165,14,9,2024,0,0,0
166,14,10,2024,0,0,0
167,14,11,2024,0,0,0
168,14,12,2024,0,0,0
169,15,1,2024,0,0,0
170,15,2,2024,0,0,0
171,15,3,2024,0,0,0
172,15,4,2024,5850462,0,0
173,15,5,2024,0,0,0
174,15,6,2024,0,0,0
175,15,7,2024,0,0,0
176,15,8,2024,0,0,0
177,15,9,2024,0,0,0
178,15,10,2024,0,0,0
179,15,11,2024,0,0,0
180,15,12,2024,0,0,0
181,16,1,2024,0,0,0
182,16,2,2024,0,0,0
183,16,3,2024,0,0,0
184,16,4,2024,0,0,0
185,16,5,2024,0,-614657,0
186,16,6,2024,0,0,0
187,16,7,2024,0,0,0
188,16,8,2024,0,0,0
189,16,9,2024,0,0,0
190,16,10,2024,0,0,0
191,16,11,2024,0,0,0
192,16,12,2024,0,0,0
193,17,1,2024,0,0,0
194,17,2,2024,0,0,0
195,17,3,2024,0,0,0
196,17,4,2024,0,0,0
197,17,5,2024,0,0,0
198,17,6,2024,0,0,0
199,17,7,2024,0,0,0
200,17,8,2024,0,0,0
201,17,9,2024,0,0,2673147
202,17,10,2024,0,0,0
203,17,11,2024,0,0,0
204,17,12,2024,0,0,0
205,18,1,2024,0,0,0
206,18,2,2024,0,0,0
207,18,3,2024,0,0,0
208,18,4,2024,0,6600000,0
209,18,5,2024,0,0,0
210,18,6,2024,0,0,0
211,18,7,2024,0,0,0
212,18,8,2024,0,0,0
213,18,9,2024,0,0,0
214,18,10,2024,0,0,0
215,18,11,2024,0,0,0
216,18,12,2024,0,0,0
217,19,1,2024,0,0,0
218,19,2,2024,0,0,0
219,19,3,2024,0,0,0
220,19,4,2024,0,0,0
221,19,5,2024,0,0,0
222,19,6,2024,0,0,0
223,19,7,2024,0,0,0
224,19,8,2024,0,0,0
225,19,9,2024,0,0,0
226,19,10,2024,0,0,0
227,19,11,2024,0,0,0
228,19,12,2024,0,12987948,0
229,20,1,2024,0,0,0
230,20,2,2024,0,0,0
231,20,3,2024,0,0,0
232,20,4,2024,0,0,0
233,20,5,2024,0,36077635,0
234,20,6,2024,0,0,0
235,20,7,2024,0,0,0
236,20,8,2024,0,10823291,0
237,20,9,2024,0,25254344,0
238,20,10,2024,0,0,0
239,20,11,2024,0,0,0
240,20,12,2024,0,0,0
241,21,1,2024,0,0,0
242,21,2,2024,0,-606656,0
243,21,3,2024,0,0,0
244,21,4,2024,0,-1819968,0
245,21,5,2024,0,-4853258,0
246,21,6,2024,0,0,0
247,21,7,2024,0,0,0
248,21,8,2024,0,-1213313,0
249,21,9,2024,0,0,0
250,21,10,2024,0,-1213306,0
251,21,11,2024,0,0,0
252,21,12,2024,0,0,0
253,22,1,2024,422686203,0,0
254,22,2,2024,0,0,0
255,22,3,2024,0,0,0
256,22,4,2024,0,0,0
257,22,5,2024,0,0,0
258,22,6,2024,0,0,0
259,22,7,2024,0,0,0
260,22,8,2024,0,0,0
261,22,9,2024,0,0,0
262,22,10,2024,0,0,0
263,22,11,2024,0,0,0
264,22,12,2024,0,0,0
265,23,1,2024,0,202219564,0
266,23,2,2024,0,0,0
267,23,3,2024,0,0,0
268,23,4,2024,0,0,0
269,23,5,2024,0,0,0
270,23,6,2024,0,0,0
271,23,7,2024,0,0,0
272,23,8,2024,0,0,0
273,23,9,2024,0,0,0
274,23,10,2024,0,0,0
275,23,11,2024,0,0,0
276,23,12,2024,0,0,0
277,24,1,2024,0,-9399055,0
278,24,2,2024,0,0,0
279,24,3,2024,0,0,0
280,24,4,2024,0,0,0
281,24,5,2024,0,0,0
282,24,6,2024,0,0,0
283,24,7,2024,0,0,0
284,24,8,2024,0,0,0
285,24,9,2024,0,0,0
286,24,10,2024,0,0,0
287,24,11,2024,0,0,0
288,24,12,2024,0,-1540882,0
289,25,1,2024,85106124,0,0
290,25,2,2024,0,0,0
291,25,3,2024,0,0,0
292,25,4,2024,0,0,0
293,25,5,2024,0,0,0
294,25,6,2024,0,0,0
295,25,7,2024,0,0,0
296,25,8,2024,0,0,0
297,25,9,2024,0,0,0
298,25,10,2024,0,0,0
299,25,11,2024,0,0,0
300,25,12,2024,0,0,0
301,26,1,2024,0,0,0
302,26,2,2024,0,0,0
303,26,3,2024,0,0,0
304,26,4,2024,0,0,0
305,26,5,2024,0,0,0
306,26,6,2024,0,0,0
307,26,7,2024,0,0,0
308,26,8,2024,0,0,0
309,26,9,2024,0,0,0
310,26,10,2024,0,0,0
311,26,11,2024,0,0,0
312,26,12,2024,0,0,0
313,27,1,2024,0,0,187512
314,27,2,2024,0,0,0
315,27,3,2024,0,0,0
316,27,4,2024,0,0,0
317,27,5,2024,0,0,0
318,27,6,2024,0,0,0
319,27,7,2024,0,0,0
320,27,8,2024,0,0,0
321,27,9,2024,0,0,0
322,27,10,2024,0,0,0
323,27,11,2024,0,0,0
324,27,12,2024,0,0,0
325,28,1,2024,0,0,0
326,28,2,2024,0,0,0
327,28,3,2024,0,0,0
328,28,4,2024,0,0,0
329,28,5,2024,0,0,0
330,28,6,2024,0,0,0
331,28,7,2024,0,0,0
332,28,8,2024,0,0,0
333,28,9,2024,0,0,0
334,28,10,2024,0,0,0
335,28,11,2024,0,0,0
336,28,12,2024,0,0,0
337,29,1,2024,0,-30546928,0
338,29,2,2024,0,0,0
339,29,3,2024,0,0,0
340,29,4,2024,0,0,0
341,29,5,2024,0,0,0
342,29,6,2024,0,0,0
343,29,7,2024,0,0,0
344,29,8,2024,0,0,0
345,29,9,2024,0,0,0
346,29,10,2024,0,0,0
347,29,11,2024,0,0,0
348,29,12,2024,0,0,0
349,30,1,2024,0,0,0
350,30,2,2024,0,0,0
351,30,3,2024,0,0,0
352,30,4,2024,0,0,0
353,30,5,2024,0,0,0
354,30,6,2024,0,0,0
355,30,7,2024,0,0,0
356,30,8,2024,0,0,0
357,30,9,2024,0,0,0
358,30,10,2024,0,0,0
359,30,11,2024,0,0,0
360,30,12,2024,26600000,0,0
361,31,1,2024,0,0,0
362,31,2,2024,0,0,0
363,31,3,2024,0,0,0
364,31,4,2024,0,0,0
365,31,5,2024,0,-3030760,0
366,31,6,2024,0,0,0
367,31,7,2024,0,0,0
368,31,8,2024,0,0,0
369,31,9,2024,0,0,0
370,31,10,2024,0,0,0
371,31,11,2024,0,0,0
372,31,12,2024,0,0,0
373,32,1,2024,0,0,0
374,32,2,2024,0,0,0
375,32,3,2024,0,0,0
376,32,4,2024,0,0,0
377,32,5,2024,-600000,600000,0
378,32,6,2024,0,0,0
379,32,7,2024,0,0,0
380,32,8,2024,0,0,0
381,32,9,2024,0,0,0
382,32,10,2024,0,0,0
383,32,11,2024,0,0,0
384,32,12,2024,0,0,0
385,33,1,2024,0,0,0
386,33,2,2024,0,3409337,0
387,33,3,2024,0,0,0
388,33,4,2024,0,0,0
389,33,5,2024,0,2272891,0
390,33,6,2024,0,0,0
391,33,7,2024,0,0,0
392,33,8,2024,0,0,0
393,33,9,2024,0,0,0
394,33,10,2024,0,0,0
395,33,11,2024,0,0,0
396,33,12,2024,0,0,0
397,34,1,2024,0,0,0
398,34,2,2024,-4607511,0,0
399,34,3,2024,0,0,0
400,34,4,2024,0,0,0
401,34,5,2024,0,0,0
402,34,6,2024,0,0,0
403,34,7,2024,0,0,0
404,34,8,2024,0,0,0
405,34,9,2024,0,0,0
406,34,10,2024,0,0,0
407,34,11,2024,0,0,0
408,34,12,2024,0,0,0
409,35,1,2024,0,0,0
410,35,2,2024,0,0,0
411,35,3,2024,0,0,0
412,35,4,2024,0,0,0
413,35,5,2024,0,0,0
414,35,6,2024,0,0,0
415,35,7,2024,0,0,0
416,35,8,2024,0,0,0
417,35,9,2024,0,0,0
418,35,10,2024,0,0,0
419,35,11,2024,0,0,0
420,35,12,2024,0,0,0
421,36,1,2024,0,0,0
422,36,2,2024,0,0,0
423,36,3,2024,0,0,0
424,36,4,2024,0,0,0
425,36,5,2024,0,10750000,0
426,36,6,2024,0,0,0
427,36,7,2024,0,0,0
428,36,8,2024,0,0,0
429,36,9,2024,0,0,0
430,36,10,2024,0,0,0
431,36,11,2024,0,0,0
432,36,12,2024,0,0,0
433,37,1,2024,0,0,164148
434,37,2,2024,0,0,0
435,37,3,2024,0,0,0
436,37,4,2024,0,0,0
437,37,5,2024,0,0,0
438,37,6,2024,0,0,0
439,37,7,2024,0,0,0
440,37,8,2024,0,0,0
441,37,9,2024,0,0,0
442,37,10,2024,0,0,0
443,37,11,2024,0,0,0
444,37,12,2024,0,0,0
445,38,1,2024,0,17001875,0
446,38,2,2024,0,0,0
447,38,3,2024,0,0,0
448,38,4,2024,0,0,0
449,38,5,2024,0,0,0
450,38,6,2024,0,0,0
451,38,7,2024,0,0,0
452,38,8,2024,0,0,0
453,38,9,2024,0,0,0
454,38,10,2024,0,0,0
455,38,11,2024,0,0,0
456,38,12,2024,0,0,0
457,39,1,2024,0,0,0
458,39,2,2024,0,0,652997
459,39,3,2024,0,0,198867
460,39,4,2024,0,0,0
461,39,5,2024,0,0,0
462,39,6,2024,0,0,0
463,39,7,2024,0,0,0
464,39,8,2024,0,0,0
465,39,9,2024,0,0,0
466,39,10,2024,0,0,0
467,39,11,2024,0,0,0
468,39,12,2024,0,0,0
469,40,1,2024,0,0,0
470,40,2,2024,0,-3921767,0
471,40,3,2024,0,0,0
472,40,4,2024,0,-3486015,0
473,40,5,2024,0,-435752,0
474,40,6,2024,0,0,0
475,40,7,2024,0,-435752,0
476,40,8,2024,0,-871504,0
477,40,9,2024,0,0,0
478,40,10,2024,0,0,0
479,40,11,2024,0,0,0
480,40,12,2024,0,-6536273,0
481,41,1,2024,0,-377745,0
482,41,2,2024,0,0,0
483,41,3,2024,0,0,0
484,41,4,2024,0,0,0
485,41,5,2024,0,0,0
486,41,6,2024,0,0,0
487,41,7,2024,0,0,0
488,41,8,2024,0,0,0
489,41,9,2024,0,0,0
490,41,10,2024,0,0,0
491,41,11,2024,0,0,0
492,41,12,2024,0,0,0
493,42,1,2024,0,0,0
494,42,2,2024,0,8896875,0
495,42,3,2024,0,0,0
496,42,4,2024,0,0,0
497,42,5,2024,0,0,0
498,42,6,2024,0,0,0
499,42,7,2024,0,0,0
500,42,8,2024,0,0,0
501,42,9,2024,0,0,0
502,42,10,2024,0,0,0
503,42,11,2024,0,0,0
504,42,12,2024,0,0,0
505,43,1,2024,0,0,0
506,43,2,2024,0,11942301,0
507,43,3,2024,0,0,0
508,43,4,2024,0,0,0
509,43,5,2024,0,0,0
510,43,6,2024,0,0,0
511,43,7,2024,0,0,0
512,43,8,2024,0,0,0
513,43,9,2024,0,0,0
514,43,10,2024,0,0,0
515,43,11,2024,0,0,0
516,43,12,2024,0,0,0
517,44,1,2024,0,0,0
518,44,2,2024,0,0,0
519,44,3,2024,0,0,0
520,44,4,2024,0,0,0
521,44,5,2024,0,0,0
522,44,6,2024,0,0,0
523,44,7,2024,0,0,0
524,44,8,2024,468000,0,0
525,44,9,2024,0,0,0
526,44,10,2024,0,0,0
527,44,11,2024,0,0,0
528,44,12,2024,0,0,0
529,45,1,2024,0,0,0
530,45,2,2024,0,0,0
531,45,3,2024,0,0,4400555
532,45,4,2024,0,0,0
533,45,5,2024,0,0,0
534,45,6,2024,0,0,0
535,45,7,2024,0,0,0
536,45,8,2024,0,0,0
537,45,9,2024,0,0,0
538,45,10,2024,0,0,0
539,45,11,2024,0,0,0
540,45,12,2024,0,0,0
541,46,1,2024,0,0,0
542,46,2,2024,0,0,0
543,46,3,2024,0,0,0
544,46,4,2024,0,0,0
545,46,5,2024,0,0,0
546,46,6,2024,0,9441722,0
547,46,7,2024,0,1573620,0
548,46,8,2024,0,0,0
549,46,9,2024,0,0,0
550,46,10,2024,0,4720861,0
551,46,11,2024,0,0,0
552,46,12,2024,0,0,0
553,47,1,2024,0,10273157,0
554,47,2,2024,0,-1736154,0
555,47,3,2024,0,0,0
556,47,4,2024,0,-7321289,0
557,47,5,2024,0,0,0
558,47,6,2024,0,0,0
559,47,7,2024,0,681935,0
560,47,8,2024,0,-2368642,0
561,47,9,2024,0,0,0
562,47,10,2024,0,-4175805,0
563,47,11,2024,0,0,0
564,47,12,2024,0,-9656577,0
565,48,1,2024,0,0,0
566,48,2,2024,0,0,0
567,48,3,2024,0,86457099,0
568,48,4,2024,0,0,0
569,48,5,2024,0,0,0
570,48,6,2024,0,0,0
571,48,7,2024,0,0,0
572,48,8,2024,0,0,0
573,48,9,2024,0,0,0
574,48,10,2024,0,0,0
575,48,11,2024,0,0,0
576,48,12,2024,0,0,0
577,49,1,2024,0,0,0
578,49,2,2024,0,0,0
579,49,3,2024,0,19537273,0
580,49,4,2024,0,0,0
581,49,5,2024,0,0,0
582,49,6,2024,0,0,0
583,49,7,2024,0,0,0
584,49,8,2024,0,0,0
585,49,9,2024,0,0,0
586,49,10,2024,0,0,0
587,49,11,2024,0,0,0
588,49,12,2024,0,0,0
589,50,1,2024,0,0,0
590,50,2,2024,12978398,0,0
591,50,3,2024,0,0,0
592,50,4,2024,0,0,0
593,50,5,2024,0,0,0
594,50,6,2024,0,0,0
595,50,7,2024,0,0,0
596,50,8,2024,0,0,0
597,50,9,2024,0,0,0
598,50,10,2024,0,0,0
599,50,11,2024,0,0,0
600,50,12,2024,0,0,0
601,51,1,2024,0,0,304219
602,51,2,2024,0,50059877,3222383
603,51,3,2024,0,0,0
604,51,4,2024,0,0,0
605,51,5,2024,0,0,226683
606,51,6,2024,0,0,0
607,51,7,2024,0,0,0
608,51,8,2024,0,0,0
609,51,9,2024,0,0,0
610,51,10,2024,0,0,0
611,51,11,2024,0,0,0
612,51,12,2024,0,0,0
613,52,1,2024,0,0,0
614,52,2,2024,0,0,0
615,52,3,2024,0,0,0
616,52,4,2024,0,0,0
617,52,5,2024,0,2348329,0
618,52,6,2024,0,2348329,0
619,52,7,2024,0,4696658,0
620,52,8,2024,0,0,0
621,52,9,2024,0,7044987,0
622,52,10,2024,0,0,0
623,52,11,2024,0,-4931491,0
624,52,12,2024,0,0,0
625,53,1,2024,0,0,0
626,53,2,2024,0,0,0
627,53,3,2024,0,0,0
628,53,4,2024,0,0,0
629,53,5,2024,0,80685174,0
630,53,6,2024,0,0,0
631,53,7,2024,0,0,0
632,53,8,2024,0,0,0
633,53,9,2024,0,0,0
634,53,10,2024,0,0,0
635,53,11,2024,0,0,0
636,53,12,2024,0,0,0
637,54,1,2024,0,0,0
638,54,2,2024,0,0,0
639,54,3,2024,0,0,0
640,54,4,2024,0,10500000,0
641,54,5,2024,0,4500000,0
642,54,6,2024,0,0,0
643,54,7,2024,0,7500000,0
644,54,8,2024,0,0,0
645,54,9,2024,0,0,0
646,54,10,2024,0,0,0
647,54,11,2024,0,0,0
648,54,12,2024,0,0,0
649,55,1,2024,0,0,0
650,55,2,2024,0,0,0
651,55,3,2024,0,0,0
652,55,4,2024,0,0,0
653,55,5,2024,0,0,0
654,55,6,2024,2675951,198702,0
655,55,7,2024,0,0,0
656,55,8,2024,0,0,0
657,55,9,2024,0,0,0
658,55,10,2024,0,0,0
659,55,11,2024,0,0,0
660,55,12,2024,0,0,0
661,56,1,2024,0,0,1290160
662,56,2,2024,0,0,0
663,56,3,2024,0,0,0
664,56,4,2024,0,0,0
665,56,5,2024,0,0,0
666,56,6,2024,0,0,0
667,56,7,2024,0,0,0
668,56,8,2024,0,0,0
669,56,9,2024,0,0,0
670,56,10,2024,0,0,0
671,56,11,2024,0,0,0
672,56,12,2024,0,0,0
673,57,1,2024,0,0,0
674,57,2,2024,0,0,0
675,57,3,2024,0,0,0
676,57,4,2024,0,0,0
677,57,5,2024,0,0,0
678,57,6,2024,0,0,0
679,57,7,2024,0,0,0
680,57,8,2024,0,9000000,0
681,57,9,2024,0,0,0
682,57,10,2024,0,0,0
683,57,11,2024,0,0,0
684,57,12,2024,0,0,0
685,58,1,2024,0,3829313,0
686,58,2,2024,0,6185812,0
687,58,3,2024,0,1472813,0
688,58,4,2024,0,0,0
689,58,5,2024,0,0,0
690,58,6,2024,0,294562,0
691,58,7,2024,0,0,0
692,58,8,2024,0,0,0
693,58,9,2024,0,0,0
694,58,10,2024,0,0,0
695,58,11,2024,0,0,0
696,58,12,2024,0,0,0
697,59,1,2024,0,0,0
698,59,2,2024,0,0,0
699,59,3,2024,0,0,0
700,59,4,2024,0,0,0
701,59,5,2024,0,11413652,0
702,59,6,2024,0,0,0
703,59,7,2024,0,0,0
704,59,8,2024,0,0,0
705,59,9,2024,0,0,0
706,59,10,2024,0,0,0
707,59,11,2024,0,0,0
708,59,12,2024,0,0,0
709,60,1,2024,0,0,0
710,60,2,2024,0,9057500,0
711,60,3,2024,0,0,0
712,60,4,2024,0,0,0
713,60,5,2024,0,0,0
714,60,6,2024,0,0,0
715,60,7,2024,0,0,0
716,60,8,2024,0,0,0
717,60,9,2024,0,0,0
718,60,10,2024,0,0,0
719,60,11,2024,0,0,0
720,60,12,2024,0,0,0
721,61,1,2024,0,30373197,0
722,61,2,2024,0,0,0
723,61,3,2024,0,121492656,16873983
724,61,4,2024,0,0,0
725,61,5,2024,0,0,0
726,61,6,2024,0,0,0
727,61,7,2024,0,0,0
728,61,8,2024,0,0,0
729,61,9,2024,0,0,0
730,61,10,2024,0,0,0
731,61,11,2024,0,0,0
732,61,12,2024,0,0,0
733,62,1,2024,0,0,0
734,62,2,2024,390649146,0,52449323
735,62,3,2024,0,0,0
736,62,4,2024,0,0,0
737,62,5,2024,0,0,964666
738,62,6,2024,0,0,0
739,62,7,2024,0,0,0
740,62,8,2024,0,0,0
741,62,9,2024,0,0,0
742,62,10,2024,0,0,0
743,62,11,2024,0,0,0
744,62,12,2024,0,0,0
745,63,1,2024,10920000,0,0
746,63,2,2024,0,0,0
747,63,3,2024,0,0,0
748,63,4,2024,0,0,0
749,63,5,2024,0,0,0
750,63,6,2024,0,0,0
751,63,7,2024,0,0,0
752,63,8,2024,0,0,0
753,63,9,2024,0,0,0
754,63,10,2024,0,0,0
755,63,11,2024,0,0,0
756,63,12,2024,0,0,0
757,64,1,2024,0,0,1550800
758,64,2,2024,0,0,0
759,64,3,2024,0,0,0
760,64,4,2024,0,0,0
761,64,5,2024,0,0,1246098
762,64,6,2024,0,0,0
763,64,7,2024,0,0,0
764,64,8,2024,0,0,0
765,64,9,2024,0,0,0
766,64,10,2024,0,0,0
767,64,11,2024,0,0,0
768,64,12,2024,0,0,0
769,65,1,2024,0,0,0
770,65,2,2024,0,0,0
771,65,3,2024,0,0,0
772,65,4,2024,0,0,0
773,65,5,2024,0,0,0
774,65,6,2024,0,0,0
775,65,7,2024,0,0,0
776,65,8,2024,5921822,0,0
777,65,9,2024,0,0,0
778,65,10,2024,0,4229873,0
779,65,11,2024,0,29609111,0
780,65,12,2024,0,-10151695,0
781,66,1,2024,5803133,0,0
782,66,2,2024,0,0,0
783,66,3,2024,0,2445497,0
784,66,4,2024,0,0,0
785,66,5,2024,0,0,0
786,66,6,2024,0,3668246,0
787,66,7,2024,3025393,12080965,0
788,66,8,2024,0,-5967221,0
789,66,9,2024,0,0,0
790,66,10,2024,4488302,0,0
791,66,11,2024,1478877,0,0
792,66,12,2024,0,0,0
793,67,1,2024,0,0,0
794,67,2,2024,0,0,0
795,67,3,2024,0,0,172217937
796,67,4,2024,2521194567,0,134418806
797,67,5,2024,0,0,12902171
798,67,6,2024,0,0,6485059
799,67,7,2024,0,0,304276
800,67,8,2024,0,0,1054874
801,67,9,2024,0,0,0
802,67,10,2024,0,0,1679025
803,67,11,2024,0,0,50000
804,67,12,2024,0,0,473283
805,68,1,2024,0,0,0
806,68,2,2024,0,0,0
807,68,3,2024,0,0,0
808,68,4,2024,0,270513710,0
809,68,5,2024,0,36778412,0
810,68,6,2024,0,48365749,0
811,68,7,2024,0,119574749,0
812,68,8,2024,0,57936687,0
813,68,9,2024,0,67687262,0
814,68,10,2024,0,5206717,0
815,68,11,2024,0,15620133,0
816,68,12,2024,0,15620138,0
817,69,1,2024,0,0,0
818,69,2,2024,0,0,0
819,69,3,2024,0,0,0
820,69,4,2024,77001480,0,12848138
821,69,5,2024,0,0,0
822,69,6,2024,0,0,0
823,69,7,2024,0,0,0
824,69,8,2024,0,0,0
825,69,9,2024,0,0,12312479
826,69,10,2024,0,0,0
827,69,11,2024,19250370,0,0
828,69,12,2024,0,0,0
829,70,1,2024,0,0,66173752
830,70,2,2024,0,0,53735
831,70,3,2024,0,0,146683
832,70,4,2024,555083934,0,45646866
833,70,5,2024,0,0,2131642
834,70,6,2024,0,0,3746704
835,70,7,2024,0,0,0
836,70,8,2024,0,0,0
837,70,9,2024,0,0,0
838,70,10,2024,0,0,0
839,70,11,2024,0,0,0
840,70,12,2024,0,0,0
841,71,1,2024,0,50000156,0
842,71,2,2024,0,0,0
843,71,3,2024,0,0,0
844,71,4,2024,0,39162727,0
845,71,5,2024,0,48552405,0
846,71,6,2024,0,0,0
847,71,7,2024,0,46055368,0
848,71,8,2024,0,-10837432,0
849,71,9,2024,0,7832545,0
850,71,10,2024,0,-9399056,0
851,71,11,2024,0,0,0
852,71,12,2024,0,-4699526,0
853,72,1,2024,0,0,0
854,72,2,2024,0,0,0
855,72,3,2024,0,0,0
856,72,4,2024,52609000,0,0
857,72,5,2024,0,0,0
858,72,6,2024,0,0,0
859,72,7,2024,0,0,0
860,72,8,2024,1200000,0,0
861,72,9,2024,0,0,0
862,72,10,2024,0,0,0
863,72,11,2024,0,0,0
864,72,12,2024,0,0,0
865,73,1,2024,0,0,0
866,73,2,2024,0,0,0
867,73,3,2024,0,0,0
868,73,4,2024,0,0,11397893
869,73,5,2024,0,0,2179234
870,73,6,2024,328078533,0,1723163
871,73,7,2024,0,0,71141452
872,73,8,2024,0,0,0
873,73,9,2024,0,0,0
874,73,10,2024,0,0,0
875,73,11,2024,0,0,0
876,73,12,2024,0,0,0
877,74,1,2024,0,0,0
878,74,2,2024,0,0,0
879,74,3,2024,0,0,0
880,74,4,2024,0,0,0
881,74,5,2024,0,0,0
882,74,6,2024,0,0,0
883,74,7,2024,0,8133801,0
884,74,8,2024,0,0,0
885,74,9,2024,0,0,0
886,74,10,2024,0,0,0
887,74,11,2024,0,0,0
888,74,12,2024,0,0,0
889,75,1,2024,0,0,0
890,75,2,2024,0,0,0
891,75,3,2024,0,0,0
892,75,4,2024,0,0,0
893,75,5,2024,0,5645133,0
894,75,6,2024,0,5080620,0
895,75,7,2024,0,0,0
896,75,8,2024,0,0,0
897,75,9,2024,0,0,0
898,75,10,2024,0,0,0
899,75,11,2024,0,0,0
900,75,12,2024,0,0,0
901,76,1,2024,0,183642043,0
902,76,2,2024,0,21189467,0
903,76,3,2024,0,0,0
904,76,4,2024,0,7063155,0
905,76,5,2024,0,0,0
906,76,6,2024,0,0,0
907,76,7,2024,0,0,0
908,76,8,2024,0,0,0
909,76,9,2024,0,0,0
910,76,10,2024,0,0,0
911,76,11,2024,0,0,0
912,76,12,2024,0,0,0
913,77,1,2024,0,0,0
914,77,2,2024,9446476,0,0
915,77,3,2024,0,0,0
916,77,4,2024,0,0,0
917,77,5,2024,0,0,0
918,77,6,2024,0,0,0
919,77,7,2024,0,0,0
920,77,8,2024,0,0,0
921,77,9,2024,0,0,0
922,77,10,2024,0,0,0
923,77,11,2024,0,0,0
924,77,12,2024,0,0,0
925,78,1,2024,12990000,0,0
926,78,2,2024,0,0,0
927,78,3,2024,0,0,0
928,78,4,2024,0,0,0
929,78,5,2024,0,0,0
930,78,6,2024,0,0,0
931,78,7,2024,0,0,0
932,78,8,2024,0,0,0
933,78,9,2024,0,0,0
934,78,10,2024,0,0,0
935,78,11,2024,0,0,0
936,78,12,2024,0,0,0
937,79,1,2024,0,0,0
938,79,2,2024,0,0,0
939,79,3,2024,0,0,0
940,79,4,2024,0,0,0
941,79,5,2024,0,0,0
942,79,6,2024,0,0,0
943,79,7,2024,0,0,0
944,79,8,2024,0,0,0
945,79,9,2024,0,10350000,0
946,79,10,2024,0,0,0
947,79,11,2024,0,0,0
948,79,12,2024,0,1150000,0
949,80,1,2024,0,0,0
950,80,2,2024,0,0,0
951,80,3,2024,0,0,0
952,80,4,2024,0,0,0
953,80,5,2024,0,0,0
954,80,6,2024,0,70926804,0
955,80,7,2024,0,0,0
956,80,8,2024,0,0,0
957,80,9,2024,0,0,0
958,80,10,2024,0,0,0
959,80,11,2024,0,0,0
960,80,12,2024,0,0,0
961,81,1,2024,0,0,0
962,81,2,2024,0,0,0
963,81,3,2024,0,0,0
964,81,4,2024,0,0,0
965,81,5,2024,0,0,0
966,81,6,2024,0,0,0
967,81,7,2024,0,0,0
968,81,8,2024,0,0,0
969,81,9,2024,0,0,0
970,81,10,2024,0,0,0
971,81,11,2024,0,0,0
972,81,12,2024,0,5258448,0
973,82,1,2024,0,0,0
974,82,2,2024,4131180,0,0
975,82,3,2024,0,0,0
976,82,4,2024,0,0,0
977,82,5,2024,0,0,0
978,82,6,2024,0,0,0
979,82,7,2024,0,0,0
980,82,8,2024,0,0,0
981,82,9,2024,0,0,0
982,82,10,2024,0,0,0
983,82,11,2024,0,0,0
984,82,12,2024,0,0,0
985,83,1,2024,0,2654410,0
986,83,2,2024,0,-462880,0
987,83,3,2024,0,0,0
988,83,4,2024,0,0,0
989,83,5,2024,0,0,0
990,83,6,2024,0,0,0
991,83,7,2024,0,0,0
992,83,8,2024,0,0,0
993,83,9,2024,0,0,0
994,83,10,2024,0,0,0
995,83,11,2024,0,0,0
996,83,12,2024,0,0,0
997,84,1,2024,0,21830248,0
998,84,2,2024,0,0,673522
999,84,3,2024,0,0,0
1000,84,4,2024,0,0,0
1001,84,5,2024,0,0,0
1002,84,6,2024,0,0,0
1003,84,7,2024,0,0,0
1004,84,8,2024,0,0,0
1005,84,9,2024,0,0,0
1006,84,10,2024,0,0,0
1007,84,11,2024,0,0,0
1008,84,12,2024,0,0,0
1009,85,1,2024,1375000,0,0
1010,85,2,2024,0,0,0
1011,85,3,2024,0,0,0
1012,85,4,2024,0,0,0
1013,85,5,2024,0,0,0
1014,85,6,2024,0,0,0
1015,85,7,2024,0,0,0
1016,85,8,2024,0,0,0
1017,85,9,2024,0,0,0
1018,85,10,2024,0,0,0
1019,85,11,2024,0,0,0
1020,85,12,2024,0,0,0
1021,86,1,2024,0,0,0
1022,86,2,2024,2622000,0,0
1023,86,3,2024,0,0,0
1024,86,4,2024,0,0,0
1025,86,5,2024,0,0,0
1026,86,6,2024,0,0,0
1027,86,7,2024,0,0,0
1028,86,8,2024,0,0,0
1029,86,9,2024,0,0,0
1030,86,10,2024,0,0,0
1031,86,11,2024,0,0,0
1032,86,12,2024,0,0,0
1033,87,1,2024,0,2806950,0
1034,87,2,2024,0,-2846150,0
1035,87,3,2024,0,0,0
1036,87,4,2024,0,0,0
1037,87,5,2024,0,0,0
1038,87,6,2024,0,0,0
1039,87,7,2024,0,0,0
1040,87,8,2024,0,0,0
1041,87,9,2024,0,0,0
1042,87,10,2024,0,0,0
1043,87,11,2024,0,0,0
1044,87,12,2024,0,0,0
1045,88,1,2024,0,0,0
1046,88,2,2024,0,0,0
1047,88,3,2024,0,0,0
1048,88,4,2024,0,0,0
1049,88,5,2024,0,0,30665114
1050,88,6,2024,373711822,0,16506229
1051,88,7,2024,0,0,11771427
1052,88,8,2024,0,0,2740134
1053,88,9,2024,0,0,0
1054,88,10,2024,0,0,66616
1055,88,11,2024,0,0,0
1056,88,12,2024,0,0,0
1057,89,1,2024,0,0,0
1058,89,2,2024,0,0,0
1059,89,3,2024,0,0,0
1060,89,4,2024,0,0,0
1061,89,5,2024,0,4112521,0
1062,89,6,2024,0,0,0
1063,89,7,2024,0,0,0
1064,89,8,2024,0,0,0
1065,89,9,2024,0,220000,0
1066,89,10,2024,0,-3949641,0
1067,89,11,2024,0,0,0
1068,89,12,2024,0,0,0
1069,90,1,2024,0,0,0
1070,90,2,2024,0,0,0
1071,90,3,2024,0,0,0
1072,90,4,2024,0,0,0
1073,90,5,2024,0,0,0
1074,90,6,2024,0,0,0
1075,90,7,2024,0,0,0
1076,90,8,2024,0,102730792,0
1077,90,9,2024,0,89889443,0
1078,90,10,2024,0,0,0
1079,90,11,2024,0,0,0
1080,90,12,2024,0,12841349,0
1081,91,1,2024,0,0,0
1082,91,2,2024,0,0,0
1083,91,3,2024,0,0,0
1084,91,4,2024,0,8358291,0
1085,91,5,2024,0,0,0
1086,91,6,2024,0,0,0
1087,91,7,2024,0,0,0
1088,91,8,2024,0,0,0
1089,91,9,2024,0,0,0
1090,91,10,2024,0,0,0
1091,91,11,2024,0,0,0
1092,91,12,2024,0,0,0
1093,92,1,2024,0,0,0
1094,92,2,2024,0,1207500,0
1095,92,3,2024,0,0,0
1096,92,4,2024,0,0,0
1097,92,5,2024,0,0,0
1098,92,6,2024,0,0,0
1099,92,7,2024,0,0,0
1100,92,8,2024,0,0,0
1101,92,9,2024,0,0,0
1102,92,10,2024,0,0,0
1103,92,11,2024,0,0,0
1104,92,12,2024,0,0,0
1105,93,1,2024,0,0,0
1106,93,2,2024,0,10032068,0
1107,93,3,2024,0,0,0
1108,93,4,2024,0,0,0
1109,93,5,2024,0,0,0
1110,93,6,2024,0,0,0
1111,93,7,2024,0,0,0
1112,93,8,2024,0,0,0
1113,93,9,2024,0,0,0
1114,93,10,2024,0,0,0
1115,93,11,2024,0,0,0
1116,93,12,2024,0,0,0
1117,94,1,2024,0,0,0
1118,94,2,2024,0,0,0
1119,94,3,2024,0,0,0
1120,94,4,2024,0,0,0
1121,94,5,2024,0,7069167,0
1122,94,6,2024,0,0,0
1123,94,7,2024,0,0,0
1124,94,8,2024,0,0,0
1125,94,9,2024,0,0,0
1126,94,10,2024,0,0,0
1127,94,11,2024,0,660000,0
1128,94,12,2024,0,0,0
1129,95,1,2024,0,0,0
1130,95,2,2024,0,0,0
1131,95,3,2024,0,0,0
1132,95,4,2024,0,0,0
1133,95,5,2024,0,0,0
1134,95,6,2024,0,0,0
1135,95,7,2024,0,0,0
1136,95,8,2024,0,0,0
1137,95,9,2024,0,0,0
1138,95,10,2024,0,1337466,0
1139,95,11,2024,0,0,0
1140,95,12,2024,0,4828534,0
1141,96,1,2024,0,0,0
1142,96,2,2024,0,0,0
1143,96,3,2024,0,0,0
1144,96,4,2024,0,0,0
1145,96,5,2024,0,0,0
1146,96,6,2024,0,0,0
1147,96,7,2024,0,960000,0
1148,96,8,2024,0,0,0
1149,96,9,2024,0,0,0
1150,96,10,2024,0,0,0
1151,96,11,2024,0,0,0
1152,96,12,2024,0,0,0
1153,97,1,2024,0,0,0
1154,97,2,2024,0,0,0
1155,97,3,2024,373806214,0,0
1156,97,4,2024,0,0,45044926
1157,97,5,2024,0,0,450546
1158,97,6,2024,0,0,0
1159,97,7,2024,0,0,0
1160,97,8,2024,0,0,0
1161,97,9,2024,0,0,0
1162,97,10,2024,0,0,0
1163,97,11,2024,0,0,0
1164,97,12,2024,-12682174,0,0
1165,98,1,2024,0,0,0
1166,98,2,2024,0,0,0
1167,98,3,2024,0,0,0
1168,98,4,2024,0,1182000,0
1169,98,5,2024,0,0,0
1170,98,6,2024,0,1773000,0
1171,98,7,2024,0,4531000,0
1172,98,8,2024,0,0,0
1173,98,9,2024,0,0,0
1174,98,10,2024,0,0,0
1175,98,11,2024,0,0,0
1176,98,12,2024,0,0,0
1177,99,1,2024,0,0,0
1178,99,2,2024,0,0,0
1179,99,3,2024,0,0,0
1180,99,4,2024,0,0,0
1181,99,5,2024,0,0,0
1182,99,6,2024,0,0,0
1183,99,7,2024,252134496,0,44013083
1184,99,8,2024,0,0,4524003
1185,99,9,2024,0,0,23877378
1186,99,10,2024,0,0,356042
1187,99,11,2024,0,0,0
1188,99,12,2024,0,0,0
1189,100,1,2024,0,0,0
1190,100,2,2024,0,0,0
1191,100,3,2024,0,0,0
1192,100,4,2024,0,0,0
1193,100,5,2024,0,0,0
1194,100,6,2024,0,0,0
1195,100,7,2024,0,22520094,0
1196,100,8,2024,0,6929260,0
1197,100,9,2024,0,3464630,0
1198,100,10,2024,0,5196944,0
1199,100,11,2024,0,10393890,0
1200,100,12,2024,0,27717039,0
1201,101,1,2024,0,0,0
1202,101,2,2024,7524067,0,0
1203,101,3,2024,0,0,0
1204,101,4,2024,0,0,0
1205,101,5,2024,0,0,0
1206,101,6,2024,0,0,0
1207,101,7,2024,0,0,0
1208,101,8,2024,0,0,0
1209,101,9,2024,0,0,0
1210,101,10,2024,0,0,0
1211,101,11,2024,0,0,0
1212,101,12,2024,0,0,0
1213,102,1,2024,0,0,0
1214,102,2,2024,0,0,0
1215,102,3,2024,0,0,0
1216,102,4,2024,0,104762601,0
1217,102,5,2024,0,0,0
1218,102,6,2024,0,0,0
1219,102,7,2024,0,0,0
1220,102,8,2024,0,93040904,0
1221,102,9,2024,0,21978168,0
1222,102,10,2024,0,0,0
1223,102,11,2024,0,0,0
1224,102,12,2024,0,-17582527,0
1225,103,1,2024,0,0,0
1226,103,2,2024,0,0,0
1227,103,3,2024,0,0,0
1228,103,4,2024,0,0,0
1229,103,5,2024,0,20312878,0
1230,103,6,2024,0,88022471,0
1231,103,7,2024,0,47396715,0
1232,103,8,2024,6770959,0,0
1233,103,9,2024,0,6770960,0
1234,103,10,2024,0,10428489,0
1235,103,11,2024,0,0,0
1236,103,12,2024,0,2976323,0
1237,104,1,2024,0,0,0
1238,104,2,2024,0,2500000,0
1239,104,3,2024,0,0,0
1240,104,4,2024,0,0,0
1241,104,5,2024,0,0,0
1242,104,6,2024,0,0,0
1243,104,7,2024,0,0,0
1244,104,8,2024,0,0,0
1245,104,9,2024,0,0,0
1246,104,10,2024,0,0,0
1247,104,11,2024,0,0,0
1248,104,12,2024,0,0,0
1249,105,1,2024,0,0,0
1250,105,2,2024,0,2551534,0
1251,105,3,2024,0,0,0
1252,105,4,2024,0,0,0
1253,105,5,2024,0,0,0
1254,105,6,2024,0,0,0
1255,105,7,2024,0,0,0
1256,105,8,2024,0,0,0
1257,105,9,2024,0,-2776534,0
1258,105,10,2024,0,0,0
1259,105,11,2024,0,0,0
1260,105,12,2024,0,0,0
1261,106,1,2024,0,0,0
1262,106,2,2024,0,114000000,0
1263,106,3,2024,0,0,0
1264,106,4,2024,0,0,0
1265,106,5,2024,0,21375000,0
1266,106,6,2024,0,0,0
1267,106,7,2024,0,0,0
1268,106,8,2024,0,0,0
1269,106,9,2024,0,0,0
1270,106,10,2024,0,0,0
1271,106,11,2024,0,0,0
1272,106,12,2024,0,0,0
1273,107,1,2024,0,0,0
1274,107,2,2024,0,17131866,0
1275,107,3,2024,0,0,0
1276,107,4,2024,0,0,0
1277,107,5,2024,0,0,0
1278,107,6,2024,0,0,0
1279,107,7,2024,0,0,0
1280,107,8,2024,0,0,0
1281,107,9,2024,0,0,0
1282,107,10,2024,0,0,0
1283,107,11,2024,0,0,0
1284,107,12,2024,0,0,0
1285,108,1,2024,0,0,0
1286,108,2,2024,0,0,0
1287,108,3,2024,3152056,0,0
1288,108,4,2024,94561680,0,0
1289,108,5,2024,0,-12797347,0
1290,108,6,2024,0,0,0
1291,108,7,2024,0,0,0
1292,108,8,2024,0,0,0
1293,108,9,2024,0,0,0
1294,108,10,2024,0,74703727,0
1295,108,11,2024,81588313,0,0
1296,108,12,2024,0,19984035,0
1297,109,1,2024,0,0,0
1298,109,2,2024,0,0,0
1299,109,3,2024,89232756,0,0
1300,109,4,2024,0,0,0
1301,109,5,2024,0,-12204738,0
1302,109,6,2024,0,0,0
1303,109,7,2024,0,40890690,0
1304,109,8,2024,0,-5699383,0
1305,109,9,2024,-3062123,0,0
1306,109,10,2024,0,24350702,0
1307,109,11,2024,178614,0,0
1308,109,12,2024,0,28427532,0
1309,110,1,2024,0,0,0
1310,110,2,2024,0,0,0
1311,110,3,2024,0,0,0
1312,110,4,2024,0,0,0
1313,110,5,2024,93000000,0,0
1314,110,6,2024,0,0,0
1315,110,7,2024,0,8680000,0
1316,110,8,2024,0,1400000,0
1317,110,9,2024,0,560000,0
1318,110,10,2024,0,840000,0
1319,110,11,2024,0,560000,0
1320,110,12,2024,0,2520000,0
1321,111,1,2024,0,0,0
1322,111,2,2024,0,0,0
1323,111,3,2024,0,4402545,0
1324,111,4,2024,0,0,0
1325,111,5,2024,0,4402545,0
1326,111,6,2024,0,0,0
1327,111,7,2024,0,0,0
1328,111,8,2024,0,0,0
1329,111,9,2024,0,0,0
1330,111,10,2024,0,0,0
1331,111,11,2024,0,0,0
1332,111,12,2024,0,0,0
1333,112,1,2024,0,0,0
1334,112,2,2024,0,0,0
1335,112,3,2024,0,3246987,0
1336,112,4,2024,0,360777,0
1337,112,5,2024,0,0,0
1338,112,6,2024,0,0,0
1339,112,7,2024,0,0,0
1340,112,8,2024,0,0,0
1341,112,9,2024,0,0,0
1342,112,10,2024,0,0,0
1343,112,11,2024,0,0,0
1344,112,12,2024,0,0,0
1345,113,1,2024,0,0,0
1346,113,2,2024,0,0,0
1347,113,3,2024,0,0,0
1348,113,4,2024,0,0,0
1349,113,5,2024,0,0,0
1350,113,6,2024,0,0,0
1351,113,7,2024,0,53622097,5967295
1352,113,8,2024,0,0,211527
1353,113,9,2024,0,0,0
1354,113,10,2024,0,0,0
1355,113,11,2024,0,0,0
1356,113,12,2024,0,0,0
1357,114,1,2024,0,0,0
1358,114,2,2024,0,0,0
1359,114,3,2024,0,0,0
1360,114,4,2024,0,0,0
1361,114,5,2024,0,0,0
1362,114,6,2024,0,0,0
1363,114,7,2024,0,6188950,0
1364,114,8,2024,0,0,0
1365,114,9,2024,0,0,0
1366,114,10,2024,0,0,0
1367,114,11,2024,0,0,0
1368,114,12,2024,0,0,0
1369,115,1,2024,0,0,0
1370,115,2,2024,0,0,0
1371,115,3,2024,0,0,0
1372,115,4,2024,0,0,0
1373,115,5,2024,0,0,0
1374,115,6,2024,0,0,0
1375,115,7,2024,0,0,0
1376,115,8,2024,0,8855420,0
1377,115,9,2024,0,983935,0
1378,115,10,2024,0,0,0
1379,115,11,2024,0,0,0
1380,115,12,2024,0,0,0
1381,116,1,2024,0,0,0
1382,116,2,2024,0,0,0
1383,116,3,2024,0,0,0
1384,116,4,2024,0,-225000,0
1385,116,5,2024,0,0,0
1386,116,6,2024,0,0,0
1387,116,7,2024,0,0,0
1388,116,8,2024,0,0,0
1389,116,9,2024,0,0,0
1390,116,10,2024,0,0,0
1391,116,11,2024,0,0,0
1392,116,12,2024,0,0,0
1393,117,1,2024,0,0,0
1394,117,2,2024,0,0,0
1395,117,3,2024,0,0,0
1396,117,4,2024,0,0,0
1397,117,5,2024,0,212231034,0
1398,117,6,2024,0,0,0
1399,117,7,2024,0,0,0
1400,117,8,2024,0,0,0
1401,117,9,2024,0,0,0
1402,117,10,2024,0,0,0
1403,117,11,2024,0,0,0
1404,117,12,2024,0,0,0
1405,118,1,2024,0,0,0
1406,118,2,2024,0,0,0
1407,118,3,2024,0,0,0
1408,118,4,2024,0,0,0
1409,118,5,2024,0,4629568,0
1410,118,6,2024,0,8638975,0
1411,118,7,2024,0,0,0
1412,118,8,2024,0,0,0
1413,118,9,2024,0,0,0
1414,118,10,2024,0,288447,0
1415,118,11,2024,0,0,0
1416,118,12,2024,0,4470922,0
1417,119,1,2024,0,0,0
1418,119,2,2024,0,0,0
1419,119,3,2024,0,0,0
1420,119,4,2024,0,0,0
1421,119,5,2024,0,9909480,0
1422,119,6,2024,0,0,0
1423,119,7,2024,0,0,0
1424,119,8,2024,0,0,0
1425,119,9,2024,0,0,0
1426,119,10,2024,0,0,0
1427,119,11,2024,0,0,0
1428,119,12,2024,0,0,0
1429,120,1,2024,0,0,0
1430,120,2,2024,0,0,0
1431,120,3,2024,0,0,0
1432,120,4,2024,0,0,0
1433,120,5,2024,0,0,0
1434,120,6,2024,0,0,511379
1435,120,7,2024,132103180,0,17130953
1436,120,8,2024,198154771,0,5824517
1437,120,9,2024,0,0,3414009
1438,120,10,2024,0,0,3338992
1439,120,11,2024,0,0,236723
1440,120,12,2024,0,0,0
1441,121,1,2024,0,0,0
1442,121,2,2024,0,0,0
1443,121,3,2024,0,0,0
1444,121,4,2024,0,0,0
1445,121,5,2024,0,1650000,0
1446,121,6,2024,0,0,0
1447,121,7,2024,0,0,0
1448,121,8,2024,0,0,0
1449,121,9,2024,0,0,0
1450,121,10,2024,0,0,0
1451,121,11,2024,0,0,0
1452,121,12,2024,0,0,0
1453,122,1,2024,0,0,0
1454,122,2,2024,0,0,0
1455,122,3,2024,0,0,0
1456,122,4,2024,0,0,0
1457,122,5,2024,0,0,0
1458,122,6,2024,0,0,0
1459,122,7,2024,0,13093653,0
1460,122,8,2024,0,2731857,0
1461,122,9,2024,0,-2356857,0
1462,122,10,2024,0,0,0
1463,122,11,2024,0,0,0
1464,122,12,2024,0,0,0
1465,123,1,2024,0,0,0
1466,123,2,2024,0,0,0
1467,123,3,2024,0,0,0
1468,123,4,2024,0,0,0
1469,123,5,2024,0,0,0
1470,123,6,2024,0,0,86268132
1471,123,7,2024,655957000,0,2910413
1472,123,8,2024,0,0,348719
1473,123,9,2024,0,0,0
1474,123,10,2024,0,0,0
1475,123,11,2024,0,0,0
1476,123,12,2024,0,0,0
1477,124,1,2024,0,0,0
1478,124,2,2024,0,0,0
1479,124,3,2024,0,0,0
1480,124,4,2024,0,0,0
1481,124,5,2024,0,0,0
1482,124,6,2024,0,0,0
1483,124,7,2024,0,0,0
1484,124,8,2024,0,473060445,0
1485,124,9,2024,0,0,0
1486,124,10,2024,0,0,0
1487,124,11,2024,0,0,0
1488,124,12,2024,0,0,0
1489,125,1,2024,0,0,0
1490,125,2,2024,0,0,0
1491,125,3,2024,0,0,0
1492,125,4,2024,0,0,0
1493,125,5,2024,0,0,0
1494,125,6,2024,0,365749685,0
1495,125,7,2024,0,0,0
1496,125,8,2024,0,475474589,0
1497,125,9,2024,0,24383313,0
1498,125,10,2024,0,0,0
1499,125,11,2024,0,0,0
1500,125,12,2024,0,140204045,0
1501,126,1,2024,0,0,0
1502,126,2,2024,0,0,0
1503,126,3,2024,0,0,0
1504,126,4,2024,0,0,0
1505,126,5,2024,0,0,0
1506,126,6,2024,0,0,0
1507,126,7,2024,0,0,0
1508,126,8,2024,248680547,0,8606312
1509,126,9,2024,0,0,11885070
1510,126,10,2024,0,0,3840399
1511,126,11,2024,0,0,0
1512,126,12,2024,0,0,0
1513,127,1,2024,0,0,0
1514,127,2,2024,0,0,0
1515,127,3,2024,0,0,0
1516,127,4,2024,0,0,0
1517,127,5,2024,0,0,0
1518,127,6,2024,0,0,0
1519,127,7,2024,0,0,0
1520,127,8,2024,0,0,0
1521,127,9,2024,0,76846290,0
1522,127,10,2024,0,0,0
1523,127,11,2024,0,0,0
1524,127,12,2024,0,0,0
1525,128,1,2024,0,0,0
1526,128,2,2024,0,0,0
1527,128,3,2024,0,0,0
1528,128,4,2024,0,3843852,0
1529,128,5,2024,0,-4278852,0
1530,128,6,2024,0,0,0
1531,128,7,2024,0,0,0
1532,128,8,2024,0,0,0
1533,128,9,2024,0,0,0
1534,128,10,2024,0,0,0
1535,128,11,2024,0,0,0
1536,128,12,2024,0,0,0
1537,129,1,2024,0,0,0
1538,129,2,2024,0,0,0
1539,129,3,2024,0,0,0
1540,129,4,2024,0,0,0
1541,129,5,2024,0,0,0
1542,129,6,2024,0,0,0
1543,129,7,2024,0,0,0
1544,129,8,2024,0,0,0
1545,129,9,2024,0,0,0
1546,129,10,2024,0,0,750000
1547,129,11,2024,0,0,0
1548,129,12,2024,0,6750000,0
1549,130,1,2024,0,0,0
1550,130,2,2024,0,0,0
1551,130,3,2024,0,0,0
1552,130,4,2024,0,0,0
1553,130,5,2024,0,0,0
1554,130,6,2024,0,0,0
1555,130,7,2024,0,0,0
1556,130,8,2024,0,0,0
1557,130,9,2024,0,0,5857021
1558,130,10,2024,0,0,0
1559,130,11,2024,0,0,0
1560,130,12,2024,0,0,196842
1561,131,1,2024,0,0,0
1562,131,2,2024,0,0,0
1563,131,3,2024,0,0,0
1564,131,4,2024,0,0,0
1565,131,5,2024,0,0,0
1566,131,6,2024,0,0,0
1567,131,7,2024,0,0,0
1568,131,8,2024,0,0,0
1569,131,9,2024,0,0,0
1570,131,10,2024,0,70717904,0
1571,131,11,2024,0,0,0
1572,131,12,2024,0,0,0
1573,132,1,2024,0,0,0
1574,132,2,2024,0,0,0
1575,132,3,2024,0,0,0
1576,132,4,2024,0,0,0
1577,132,5,2024,0,0,0
1578,132,6,2024,0,0,0
1579,132,7,2024,0,0,0
1580,132,8,2024,0,0,0
1581,132,9,2024,0,0,61045025
1582,132,10,2024,0,0,5521687
1583,132,11,2024,0,0,0
1584,132,12,2024,0,0,0
1585,133,1,2024,0,0,0
1586,133,2,2024,0,0,0
1587,133,3,2024,0,0,0
1588,133,4,2024,0,0,0
1589,133,5,2024,0,0,0
1590,133,6,2024,0,0,0
1591,133,7,2024,0,0,0
1592,133,8,2024,0,0,0
1593,133,9,2024,0,0,0
1594,133,10,2024,434888550,0,0
1595,133,11,2024,0,0,0
1596,133,12,2024,0,0,0
1597,134,1,2024,0,0,0
1598,134,2,2024,0,0,0
1599,134,3,2024,0,0,0
1600,134,4,2024,0,0,0
1601,134,5,2024,0,0,0
1602,134,6,2024,0,0,0
1603,134,7,2024,0,0,0
1604,134,8,2024,0,0,0
1605,134,9,2024,0,2258503442,0
1606,134,10,2024,0,-2032653098,0
1607,134,11,2024,0,0,0
1608,134,12,2024,0,2032653098,0
1609,135,1,2024,0,0,0
1610,135,2,2024,0,0,0
1611,135,3,2024,0,0,0
1612,135,4,2024,0,0,0
1613,135,5,2024,0,0,0
1614,135,6,2024,0,0,0
1615,135,7,2024,0,82233535,0
1616,135,8,2024,0,0,0
1617,135,9,2024,0,0,0
1618,135,10,2024,0,0,0
1619,135,11,2024,0,0,0
1620,135,12,2024,0,0,0
1621,136,1,2024,0,0,0
1622,136,2,2024,0,0,0
1623,136,3,2024,0,0,0
1624,136,4,2024,0,0,0
1625,136,5,2024,0,0,0
1626,136,6,2024,0,0,0
1627,136,7,2024,0,0,0
1628,136,8,2024,0,0,0
1629,136,9,2024,0,0,0
1630,136,10,2024,0,485000000,42106222
1631,136,11,2024,0,0,0
1632,136,12,2024,0,0,0
1633,137,1,2024,0,0,0
1634,137,2,2024,0,0,0
1635,137,3,2024,0,0,0
1636,137,4,2024,0,0,0
1637,137,5,2024,0,0,0
1638,137,6,2024,1100000,0,0
1639,137,7,2024,0,0,0
1640,137,8,2024,0,0,0
1641,137,9,2024,0,0,0
1642,137,10,2024,0,0,0
1643,137,11,2024,0,0,0
1644,137,12,2024,0,0,0
1645,138,1,2024,0,0,0
1646,138,2,2024,0,0,0
1647,138,3,2024,0,0,0
1648,138,4,2024,0,0,0
1649,138,5,2024,0,0,0
1650,138,6,2024,0,0,0
1651,138,7,2024,0,281337989,0
1652,138,8,2024,0,0,0
1653,138,9,2024,0,0,0
1654,138,10,2024,0,0,0
1655,138,11,2024,0,0,0
1656,138,12,2024,0,0,0
1657,139,1,2024,0,0,0
1658,139,2,2024,0,0,0
1659,139,3,2024,0,0,0
1660,139,4,2024,0,0,0
1661,139,5,2024,5020900,0,0
1662,139,6,2024,0,0,0
1663,139,7,2024,0,0,0
1664,139,8,2024,0,0,0
1665,139,9,2024,0,0,0
1666,139,10,2024,0,0,0
1667,139,11,2024,0,0,0
1668,139,12,2024,0,0,0
1669,140,1,2024,0,0,0
1670,140,2,2024,0,0,0
1671,140,3,2024,0,0,0
1672,140,4,2024,0,0,0
1673,140,5,2024,0,0,0
1674,140,6,2024,0,1850000,0
1675,140,7,2024,0,740000,0
1676,140,8,2024,0,1110000,0
1677,140,9,2024,0,0,0
1678,140,10,2024,0,-3700000,0
1679,140,11,2024,0,0,0
1680,140,12,2024,0,0,0
1681,141,1,2024,0,0,0
1682,141,2,2024,0,0,0
1683,141,3,2024,0,0,0
1684,141,4,2024,0,0,0
1685,141,5,2024,0,0,0
1686,141,6,2024,0,0,0
1687,141,7,2024,0,71099288,0
1688,141,8,2024,0,0,0
1689,141,9,2024,0,0,0
1690,141,10,2024,0,0,0
1691,141,11,2024,0,0,0
1692,141,12,2024,0,0,0
1693,142,1,2024,0,0,0
1694,142,2,2024,0,0,0
1695,142,3,2024,0,0,0
1696,142,4,2024,0,0,0
1697,142,5,2024,0,0,0
1698,142,6,2024,0,0,0
1699,142,7,2024,2623828,0,0
1700,142,8,2024,0,0,0
1701,142,9,2024,0,0,0
1702,142,10,2024,0,0,0
1703,142,11,2024,0,0,0
1704,142,12,2024,0,0,0
1705,143,1,2024,0,0,0
1706,143,2,2024,0,0,0
1707,143,3,2024,0,0,0
1708,143,4,2024,0,0,0
1709,143,5,2024,0,0,0
1710,143,6,2024,0,0,0
1711,143,7,2024,0,0,0
1712,143,8,2024,0,901941,0
1713,143,9,2024,0,13529113,0
1714,143,10,2024,0,0,0
1715,143,11,2024,0,3607764,0
1716,143,12,2024,0,0,0
1717,144,1,2024,0,0,0
1718,144,2,2024,0,0,0
1719,144,3,2024,0,0,0
1720,144,4,2024,0,0,0
1721,144,5,2024,0,4820600,0
1722,144,6,2024,0,0,0
1723,144,7,2024,0,0,0
1724,144,8,2024,0,0,0
1725,144,9,2024,0,0,0
1726,144,10,2024,0,0,0
1727,144,11,2024,0,0,0
1728,144,12,2024,0,0,0
1729,145,1,2024,0,0,0
1730,145,2,2024,0,0,0
1731,145,3,2024,0,0,0
1732,145,4,2024,0,0,0
1733,145,5,2024,0,1160000,0
1734,145,6,2024,0,0,0
1735,145,7,2024,0,0,0
1736,145,8,2024,0,0,0
1737,145,9,2024,0,0,0
1738,145,10,2024,0,0,0
1739,145,11,2024,0,0,0
1740,145,12,2024,0,0,0
1741,146,1,2024,0,0,0
1742,146,2,2024,0,0,0
1743,146,3,2024,0,0,0
1744,146,4,2024,0,0,0
1745,146,5,2024,0,0,0
1746,146,6,2024,0,0,0
1747,146,7,2024,0,0,0
1748,146,8,2024,0,4080000,0
1749,146,9,2024,0,0,0
1750,146,10,2024,0,0,0
1751,146,11,2024,0,0,0
1752,146,12,2024,0,0,0
1753,147,1,2024,0,0,0
1754,147,2,2024,0,0,0
1755,147,3,2024,0,0,0
1756,147,4,2024,0,0,0
1757,147,5,2024,0,0,0
1758,147,6,2024,0,0,0
1759,147,7,2024,0,0,0
1760,147,8,2024,0,0,0
1761,147,9,2024,0,9298190,0
1762,147,10,2024,0,0,0
1763,147,11,2024,0,371928,0
1764,147,12,2024,0,0,0
1765,148,1,2024,0,0,0
1766,148,2,2024,0,0,0
1767,148,3,2024,0,0,0
1768,148,4,2024,0,0,0
1769,148,5,2024,0,0,0
1770,148,6,2024,0,0,0
1771,148,7,2024,0,0,0
1772,148,8,2024,0,0,0
1773,148,9,2024,0,0,0
1774,148,10,2024,0,1574060,157406
1775,148,11,2024,0,0,0
1776,148,12,2024,0,0,0
1777,149,1,2024,0,0,0
1778,149,2,2024,0,0,0
1779,149,3,2024,0,0,0
1780,149,4,2024,0,0,0
1781,149,5,2024,0,0,0
1782,149,6,2024,0,0,0
1783,149,7,2024,0,63592926,0
1784,149,8,2024,0,63592926,0
1785,149,9,2024,0,42395284,0
1786,149,10,2024,0,105988209,0
1787,149,11,2024,0,148383494,0
1788,149,12,2024,0,0,0
1789,150,1,2024,0,0,0
1790,150,2,2024,0,0,0
1791,150,3,2024,0,0,0
1792,150,4,2024,0,0,0
1793,150,5,2024,0,0,0
1794,150,6,2024,0,0,0
1795,150,7,2024,50324666,9182139,0
1796,150,8,2024,337205231,0,0
1797,150,9,2024,0,0,0
1798,150,10,2024,0,0,0
1799,150,11,2024,0,0,0
1800,150,12,2024,0,0,0
1801,151,1,2024,0,0,0
1802,151,2,2024,0,0,0
1803,151,3,2024,0,0,0
1804,151,4,2024,0,0,0
1805,151,5,2024,0,0,0
1806,151,6,2024,0,0,0
1807,151,7,2024,0,53091342,0
1808,151,8,2024,0,53091341,0
1809,151,9,2024,0,35394228,0
1810,151,10,2024,0,-141576911,0
1811,151,11,2024,0,0,0
1812,151,12,2024,0,353942278,0
1813,152,1,2024,0,0,0
1814,152,2,2024,0,0,0
1815,152,3,2024,0,0,0
1816,152,4,2024,0,0,0
1817,152,5,2024,0,0,0
1818,152,6,2024,0,0,0
1819,152,7,2024,50376907,0,0
1820,152,8,2024,285469141,0,0
1821,152,9,2024,0,0,0
1822,152,10,2024,0,-335846048,0
1823,152,11,2024,0,0,0
1824,152,12,2024,0,335846048,0
1825,153,1,2024,0,0,0
1826,153,2,2024,0,0,0
1827,153,3,2024,0,0,0
1828,153,4,2024,0,0,0
1829,153,5,2024,0,0,0
1830,153,6,2024,0,0,0
1831,153,7,2024,0,63000000,0
1832,153,8,2024,0,0,0
1833,153,9,2024,0,0,0
1834,153,10,2024,0,0,0
1835,153,11,2024,0,0,0
1836,153,12,2024,0,0,0
1837,154,1,2024,0,0,0
1838,154,2,2024,0,0,0
1839,154,3,2024,0,0,0
1840,154,4,2024,0,0,0
1841,154,5,2024,0,0,0
1842,154,6,2024,0,0,0
1843,154,7,2024,202611998,0,0
1844,154,8,2024,0,0,0
1845,154,9,2024,0,0,25050648
1846,154,10,2024,0,0,693962
1847,154,11,2024,0,0,530260
1848,154,12,2024,0,0,120169
1849,155,1,2024,0,0,0
1850,155,2,2024,0,0,0
1851,155,3,2024,0,0,0
1852,155,4,2024,0,0,0
1853,155,5,2024,0,0,0
1854,155,6,2024,0,0,0
1855,155,7,2024,0,0,0
1856,155,8,2024,0,0,0
1857,155,9,2024,0,0,0
1858,155,10,2024,0,69531442,0
1859,155,11,2024,0,69531442,0
1860,155,12,2024,0,-41718865,0
1861,156,1,2024,0,0,0
1862,156,2,2024,0,0,0
1863,156,3,2024,0,0,0
1864,156,4,2024,0,0,0
1865,156,5,2024,0,0,0
1866,156,6,2024,0,0,0
1867,156,7,2024,0,49196775,0
1868,156,8,2024,0,0,0
1869,156,9,2024,0,0,0
1870,156,10,2024,0,32797850,0
1871,156,11,2024,0,65595700,0
1872,156,12,2024,0,-32797850,0
1873,157,1,2024,0,0,0
1874,157,2,2024,0,0,0
1875,157,3,2024,0,0,0
1876,157,4,2024,0,0,0
1877,157,5,2024,0,0,0
1878,157,6,2024,2004000,0,0
1879,157,7,2024,0,0,0
1880,157,8,2024,0,0,0
1881,157,9,2024,0,0,0
1882,157,10,2024,0,0,0
1883,157,11,2024,0,0,0
1884,157,12,2024,0,0,0
1885,158,1,2024,0,0,0
1886,158,2,2024,0,0,0
1887,158,3,2024,0,0,0
1888,158,4,2024,0,0,0
1889,158,5,2024,0,0,0
1890,158,6,2024,0,59993542,0
1891,158,7,2024,0,0,0
1892,158,8,2024,0,0,0
1893,158,9,2024,0,0,0
1894,158,10,2024,0,0,0
1895,158,11,2024,0,0,0
1896,158,12,2024,0,0,0
1897,159,1,2024,0,0,0
1898,159,2,2024,0,0,0
1899,159,3,2024,0,0,0
1900,159,4,2024,0,0,0
1901,159,5,2024,0,0,0
1902,159,6,2024,0,0,0
1903,159,7,2024,0,0,0
1904,159,8,2024,1662054,0,0
1905,159,9,2024,0,0,0
1906,159,10,2024,0,0,0
1907,159,11,2024,0,0,0
1908,159,12,2024,0,0,0
1909,160,1,2024,0,0,0
1910,160,2,2024,0,0,0
1911,160,3,2024,0,0,0
1912,160,4,2024,0,0,0
1913,160,5,2024,0,0,0
1914,160,6,2024,0,0,0
1915,160,7,2024,0,0,0
1916,160,8,2024,0,0,0
1917,160,9,2024,0,3850000,0
1918,160,10,2024,0,0,0
1919,160,11,2024,0,0,0
1920,160,12,2024,0,0,0
1921,161,1,2024,0,0,0
1922,161,2,2024,0,0,0
1923,161,3,2024,0,0,0
1924,161,4,2024,0,0,0
1925,161,5,2024,0,0,0
1926,161,6,2024,0,8002675,0
1927,161,7,2024,0,0,0
1928,161,8,2024,0,0,0
1929,161,9,2024,0,0,0
1930,161,10,2024,0,12004014,0
1931,161,11,2024,0,20006688,0
1932,161,12,2024,0,0,0
1933,162,1,2024,0,0,0
1934,162,2,2024,0,0,0
1935,162,3,2024,0,0,0
1936,162,4,2024,0,0,0
1937,162,5,2024,0,0,0
1938,162,6,2024,0,0,0
1939,162,7,2024,0,-420000,0
1940,162,8,2024,0,0,0
1941,162,9,2024,0,0,0
1942,162,10,2024,0,0,0
1943,162,11,2024,0,0,0
1944,162,12,2024,0,0,0
1945,163,1,2024,0,0,0
1946,163,2,2024,0,0,0
1947,163,3,2024,0,0,0
1948,163,4,2024,0,0,0
1949,163,5,2024,0,0,0
1950,163,6,2024,0,0,0
1951,163,7,2024,0,0,0
1952,163,8,2024,0,23250396,0
1953,163,9,2024,0,7750132,0
1954,163,10,2024,0,0,0
1955,163,11,2024,0,7750132,0
1956,163,12,2024,0,0,0
1957,164,1,2024,0,0,0
1958,164,2,2024,0,0,0
1959,164,3,2024,0,0,0
1960,164,4,2024,0,0,0
1961,164,5,2024,0,0,0
1962,164,6,2024,0,0,0
1963,164,7,2024,0,0,0
1964,164,8,2024,0,2689424,0
1965,164,9,2024,0,0,0
1966,164,10,2024,0,24204813,0
1967,164,11,2024,0,0,0
1968,164,12,2024,0,-10757695,0
1969,165,1,2024,0,0,0
1970,165,2,2024,0,0,0
1971,165,3,2024,0,0,0
1972,165,4,2024,0,0,0
1973,165,5,2024,0,0,0
1974,165,6,2024,0,0,0
1975,165,7,2024,0,0,0
1976,165,8,2024,0,0,0
1977,165,9,2024,0,0,0
1978,165,10,2024,0,9450000,0
1979,165,11,2024,0,0,0
1980,165,12,2024,0,0,0
1981,166,1,2024,0,0,0
1982,166,2,2024,0,0,0
1983,166,3,2024,0,0,0
1984,166,4,2024,0,0,0
1985,166,5,2024,0,0,0
1986,166,6,2024,0,0,0
1987,166,7,2024,0,1285676,0
1988,166,8,2024,0,642838,0
1989,166,9,2024,0,0,0
1990,166,10,2024,0,7071216,0
1991,166,11,2024,0,3857027,0
1992,166,12,2024,0,0,0
1993,167,1,2024,0,0,0
1994,167,2,2024,0,0,0
1995,167,3,2024,0,0,0
1996,167,4,2024,0,0,0
1997,167,5,2024,0,0,0
1998,167,6,2024,0,0,0
1999,167,7,2024,0,0,0
2000,167,8,2024,0,0,0
2001,167,9,2024,0,0,0
2002,167,10,2024,0,0,0
2003,167,11,2024,7225000,0,0
2004,167,12,2024,0,0,0
2005,168,1,2024,0,0,0
2006,168,2,2024,0,0,0
2007,168,3,2024,0,0,0
2008,168,4,2024,0,0,0
2009,168,5,2024,0,0,0
2010,168,6,2024,0,0,0
2011,168,7,2024,0,0,0
2012,168,8,2024,0,7871484,0
2013,168,9,2024,0,0,0
2014,168,10,2024,0,1574297,0
2015,168,11,2024,0,0,0
2016,168,12,2024,0,6297187,0
2017,169,1,2024,0,0,0
2018,169,2,2024,0,0,0
2019,169,3,2024,0,0,0
2020,169,4,2024,0,0,0
2021,169,5,2024,0,0,0
2022,169,6,2024,0,0,0
2023,169,7,2024,0,0,0
2024,169,8,2024,6982601,0,0
2025,169,9,2024,850346,0,0
2026,169,10,2024,0,0,0
2027,169,11,2024,0,0,0
2028,169,12,2024,0,0,0
2029,170,1,2024,0,0,0
2030,170,2,2024,0,0,0
2031,170,3,2024,0,0,0
2032,170,4,2024,0,0,0
2033,170,5,2024,0,0,0
2034,170,6,2024,0,0,0
2035,170,7,2024,0,0,0
2036,170,8,2024,2091904,0,0
2037,170,9,2024,0,0,0
2038,170,10,2024,0,0,0
2039,170,11,2024,0,0,0
2040,170,12,2024,0,0,0
2041,171,1,2024,0,0,0
2042,171,2,2024,0,0,0
2043,171,3,2024,0,0,0
2044,171,4,2024,0,0,0
2045,171,5,2024,0,0,0
2046,171,6,2024,0,0,0
2047,171,7,2024,0,4187760,0
2048,171,8,2024,0,-2933880,0
2049,171,9,2024,0,0,0
2050,171,10,2024,0,0,0
2051,171,11,2024,0,0,0
2052,171,12,2024,0,0,0
2053,172,1,2024,0,0,0
2054,172,2,2024,0,0,0
2055,172,3,2024,0,0,0
2056,172,4,2024,0,0,0
2057,172,5,2024,0,0,0
2058,172,6,2024,0,0,0
2059,172,7,2024,0,0,0
2060,172,8,2024,0,0,0
2061,172,9,2024,0,0,0
2062,172,10,2024,0,0,0
2063,172,11,2024,0,0,0
2064,172,12,2024,108652354,0,0
2065,173,1,2024,0,0,0
2066,173,2,2024,0,0,0
2067,173,3,2024,0,0,0
2068,173,4,2024,0,0,0
2069,173,5,2024,0,0,0
2070,173,6,2024,0,0,0
2071,173,7,2024,0,0,0
2072,173,8,2024,0,0,0
2073,173,9,2024,0,0,0
2074,173,10,2024,0,12534944,0
2075,173,11,2024,0,0,0
2076,173,12,2024,0,0,0
2077,174,1,2024,0,0,0
2078,174,2,2024,0,0,0
2079,174,3,2024,0,0,0
2080,174,4,2024,0,0,0
2081,174,5,2024,0,0,0
2082,174,6,2024,0,0,0
2083,174,7,2024,0,0,0
2084,174,8,2024,0,33214902,0
2085,174,9,2024,0,0,0
2086,174,10,2024,0,0,0
2087,174,11,2024,0,0,0
2088,174,12,2024,0,0,0
2089,175,1,2024,0,0,0
2090,175,2,2024,0,0,0
2091,175,3,2024,0,0,0
2092,175,4,2024,0,0,0
2093,175,5,2024,0,0,0
2094,175,6,2024,0,0,0
2095,175,7,2024,0,0,0
2096,175,8,2024,0,15555212,0
2097,175,9,2024,0,0,0
2098,175,10,2024,0,36295494,0
2099,175,11,2024,0,0,0
2100,175,12,2024,0,0,0
2101,176,1,2024,0,0,0
2102,176,2,2024,0,0,0
2103,176,3,2024,0,0,0
2104,176,4,2024,0,0,0
2105,176,5,2024,0,0,0
2106,176,6,2024,0,0,0
2107,176,7,2024,0,0,0
2108,176,8,2024,0,7585056,0
2109,176,9,2024,0,17698464,0
2110,176,10,2024,0,0,0
2111,176,11,2024,0,0,0
2112,176,12,2024,0,0,0
2113,177,1,2024,0,0,0
2114,177,2,2024,0,0,0
2115,177,3,2024,0,0,0
2116,177,4,2024,0,0,0
2117,177,5,2024,0,0,0
2118,177,6,2024,0,0,0
2119,177,7,2024,0,0,0
2120,177,8,2024,0,0,0
2121,177,9,2024,0,0,0
2122,177,10,2024,0,0,0
2123,177,11,2024,0,0,0
2124,177,12,2024,3419250,0,0
2125,178,1,2024,0,0,0
2126,178,2,2024,0,0,0
2127,178,3,2024,0,0,0
2128,178,4,2024,0,0,0
2129,178,5,2024,0,0,0
2130,178,6,2024,0,0,0
2131,178,7,2024,0,0,0
2132,178,8,2024,0,0,0
2133,178,9,2024,0,0,0
2134,178,10,2024,0,2006396,0
2135,178,11,2024,0,0,0
2136,178,12,2024,0,0,0
2137,179,1,2024,0,0,0
2138,179,2,2024,0,0,0
2139,179,3,2024,0,0,0
2140,179,4,2024,0,0,0
2141,179,5,2024,0,0,0
2142,179,6,2024,0,0,0
2143,179,7,2024,0,0,0
2144,179,8,2024,0,0,0
2145,179,9,2024,0,0,0
2146,179,10,2024,12900000,0,0
2147,179,11,2024,0,0,0
2148,179,12,2024,0,0,0
2149,180,1,2024,0,0,0
2150,180,2,2024,0,0,0
2151,180,3,2024,0,0,0
2152,180,4,2024,0,0,0
2153,180,5,2024,0,0,0
2154,180,6,2024,0,0,0
2155,180,7,2024,0,0,0
2156,180,8,2024,0,0,0
2157,180,9,2024,3000000,0,0
2158,180,10,2024,0,0,0
2159,180,11,2024,0,0,0
2160,180,12,2024,0,0,0
2161,181,1,2024,0,0,0
2162,181,2,2024,0,0,0
2163,181,3,2024,0,0,0
2164,181,4,2024,0,0,0
2165,181,5,2024,0,0,0
2166,181,6,2024,0,0,0
2167,181,7,2024,0,0,0
2168,181,8,2024,0,0,0
2169,181,9,2024,0,0,0
2170,181,10,2024,0,0,0
2171,181,11,2024,0,0,5552110
2172,181,12,2024,0,0,358005
2173,182,1,2024,0,0,0
2174,182,2,2024,0,0,0
2175,182,3,2024,0,0,0
2176,182,4,2024,0,0,0
2177,182,5,2024,0,0,0
2178,182,6,2024,0,0,0
2179,182,7,2024,0,0,0
2180,182,8,2024,0,0,0
2181,182,9,2024,0,4294877,0
2182,182,10,2024,0,-5414877,0
2183,182,11,2024,0,0,0
2184,182,12,2024,0,0,0
2185,183,1,2024,0,0,0
2186,183,2,2024,0,0,0
2187,183,3,2024,0,0,0
2188,183,4,2024,0,0,0
2189,183,5,2024,0,0,0
2190,183,6,2024,0,0,0
2191,183,7,2024,0,0,0
2192,183,8,2024,0,0,0
2193,183,9,2024,0,2746770,0
2194,183,10,2024,0,-1996770,0
2195,183,11,2024,0,0,0
2196,183,12,2024,0,0,0
2197,184,1,2024,0,0,0
2198,184,2,2024,0,0,0
2199,184,3,2024,0,0,0
2200,184,4,2024,0,0,0
2201,184,5,2024,0,0,0
2202,184,6,2024,0,0,0
2203,184,7,2024,0,0,0
2204,184,8,2024,0,0,0
2205,184,9,2024,0,0,0
2206,184,10,2024,0,27349842,0
2207,184,11,2024,0,0,0
2208,184,12,2024,0,0,0
2209,185,1,2024,0,0,0
2210,185,2,2024,0,0,0
2211,185,3,2024,0,0,0
2212,185,4,2024,0,0,0
2213,185,5,2024,0,0,0
2214,185,6,2024,0,0,0
2215,185,7,2024,0,0,0
2216,185,8,2024,0,0,0
2217,185,9,2024,0,0,0
2218,185,10,2024,0,0,0
2219,185,11,2024,0,0,0
2220,185,12,2024,301785079,0,55496682
2221,186,1,2024,0,0,0
2222,186,2,2024,0,0,0
2223,186,3,2024,0,0,0
2224,186,4,2024,0,0,0
2225,186,5,2024,0,0,0
2226,186,6,2024,0,0,0
2227,186,7,2024,0,0,0
2228,186,8,2024,0,0,0
2229,186,9,2024,0,0,0
2230,186,10,2024,44399348,0,0
2231,186,11,2024,0,23100652,0
2232,186,12,2024,0,-1622811,0
2233,187,1,2024,0,0,0
2234,187,2,2024,0,0,0
2235,187,3,2024,0,0,0
2236,187,4,2024,0,0,0
2237,187,5,2024,0,0,0
2238,187,6,2024,0,0,0
2239,187,7,2024,0,0,0
2240,187,8,2024,0,0,0
2241,187,9,2024,6700000,0,0
2242,187,10,2024,0,0,0
2243,187,11,2024,0,0,0
2244,187,12,2024,0,0,0
2245,188,1,2024,0,0,0
2246,188,2,2024,0,0,0
2247,188,3,2024,0,0,0
2248,188,4,2024,0,0,0
2249,188,5,2024,0,0,0
2250,188,6,2024,0,0,0
2251,188,7,2024,0,0,0
2252,188,8,2024,0,0,0
2253,188,9,2024,0,0,0
2254,188,10,2024,0,850299,0
2255,188,11,2024,0,0,0
2256,188,12,2024,0,0,0
2257,189,1,2024,0,0,0
2258,189,2,2024,0,0,0
2259,189,3,2024,0,0,0
2260,189,4,2024,0,0,0
2261,189,5,2024,0,0,0
2262,189,6,2024,0,0,0
2263,189,7,2024,0,0,0
2264,189,8,2024,0,0,0
2265,189,9,2024,0,0,0
2266,189,10,2024,0,0,0
2267,189,11,2024,0,0,0
2268,189,12,2024,0,26527799,0
2269,190,1,2024,0,0,0
2270,190,2,2024,0,0,0
2271,190,3,2024,0,0,0
2272,190,4,2024,0,0,0
2273,190,5,2024,0,0,0
2274,190,6,2024,0,0,0
2275,190,7,2024,0,0,0
2276,190,8,2024,0,0,0
2277,190,9,2024,0,0,0
2278,190,10,2024,0,0,0
2279,190,11,2024,186715995,0,0
2280,190,12,2024,0,0,0
2281,191,1,2024,0,0,0
2282,191,2,2024,0,0,0
2283,191,3,2024,0,0,0
2284,191,4,2024,0,0,0
2285,191,5,2024,0,0,0
2286,191,6,2024,0,0,0
2287,191,7,2024,0,0,0
2288,191,8,2024,0,0,0
2289,191,9,2024,0,0,0
2290,191,10,2024,0,0,0
2291,191,11,2024,0,316095464,0
2292,191,12,2024,0,17025213,0
2293,192,1,2024,0,0,0
2294,192,2,2024,0,0,0
2295,192,3,2024,0,0,0
2296,192,4,2024,0,0,0
2297,192,5,2024,0,0,0
2298,192,6,2024,0,0,0
2299,192,7,2024,0,0,0
2300,192,8,2024,0,0,0
2301,192,9,2024,0,0,0
2302,192,10,2024,0,0,0
2303,192,11,2024,0,0,0
2304,192,12,2024,0,15375100,0
2305,193,1,2024,0,0,0
2306,193,2,2024,0,0,0
2307,193,3,2024,0,0,0
2308,193,4,2024,0,0,0
2309,193,5,2024,0,0,0
2310,193,6,2024,0,0,0
2311,193,7,2024,0,0,0
2312,193,8,2024,0,0,0
2313,193,9,2024,0,0,0
2314,193,10,2024,0,0,0
2315,193,11,2024,0,0,0
2316,193,12,2024,559472419,0,0
2317,194,1,2024,0,0,0
2318,194,2,2024,0,0,0
2319,194,3,2024,0,0,0
2320,194,4,2024,0,0,0
2321,194,5,2024,0,0,0
2322,194,6,2024,0,0,0
2323,194,7,2024,0,0,0
2324,194,8,2024,0,0,0
2325,194,9,2024,0,0,0
2326,194,10,2024,0,15977565,0
2327,194,11,2024,0,0,0
2328,194,12,2024,0,0,0
2329,195,1,2024,0,0,0
2330,195,2,2024,0,0,0
2331,195,3,2024,0,0,0
2332,195,4,2024,0,0,0
2333,195,5,2024,0,0,0
2334,195,6,2024,0,0,0
2335,195,7,2024,0,0,0
2336,195,8,2024,0,0,0
2337,195,9,2024,0,0,0
2338,195,10,2024,0,6099600,0
2339,195,11,2024,0,4066400,0
2340,195,12,2024,0,0,0
2341,196,1,2024,0,0,0
2342,196,2,2024,0,0,0
2343,196,3,2024,0,0,0
2344,196,4,2024,0,0,0
2345,196,5,2024,0,0,0
2346,196,6,2024,0,0,0
2347,196,7,2024,0,0,0
2348,196,8,2024,0,0,0
2349,196,9,2024,0,0,0
2350,196,10,2024,0,0,0
2351,196,11,2024,0,66704899,0
2352,196,12,2024,0,0,0
2353,197,1,2024,0,0,0
2354,197,2,2024,0,0,0
2355,197,3,2024,0,0,0
2356,197,4,2024,0,0,0
2357,197,5,2024,0,0,0
2358,197,6,2024,0,0,0
2359,197,7,2024,0,0,0
2360,197,8,2024,0,0,0
2361,197,9,2024,0,0,0
2362,197,10,2024,0,0,0
2363,197,11,2024,0,0,0
2364,197,12,2024,0,0,0
2365,198,1,2024,0,0,0
2366,198,2,2024,0,0,0
2367,198,3,2024,0,0,0
2368,198,4,2024,0,0,0
2369,198,5,2024,0,0,0
2370,198,6,2024,0,0,0
2371,198,7,2024,0,0,0
2372,198,8,2024,0,0,0
2373,198,9,2024,0,0,0
2374,198,10,2024,0,0,0
2375,198,11,2024,0,0,740792
2376,198,12,2024,3745514,0,372986
2377,199,1,2024,0,0,0
2378,199,2,2024,0,0,0
2379,199,3,2024,0,0,0
2380,199,4,2024,0,0,0
2381,199,5,2024,0,0,0
2382,199,6,2024,0,0,0
2383,199,7,2024,0,0,0
2384,199,8,2024,0,0,0
2385,199,9,2024,0,0,0
2386,199,10,2024,0,0,0
2387,199,11,2024,0,0,0
2388,199,12,2024,0,0,735873
2389,200,1,2024,0,0,0
2390,200,2,2024,0,0,0
2391,200,3,2024,0,0,0
2392,200,4,2024,0,0,0
2393,200,5,2024,0,0,0
2394,200,6,2024,0,0,0
2395,200,7,2024,0,0,0
2396,200,8,2024,0,0,0
2397,200,9,2024,0,0,0
2398,200,10,2024,0,0,0
2399,200,11,2024,0,0,0
2400,200,12,2024,0,85669423,0
2401,201,1,2024,0,0,0
2402,201,2,2024,0,0,0
2403,201,3,2024,0,0,0
2404,201,4,2024,0,0,0
2405,201,5,2024,0,0,0
2406,201,6,2024,0,0,0
2407,201,7,2024,0,0,0
2408,201,8,2024,0,0,0
2409,201,9,2024,0,0,0
2410,201,10,2024,0,0,0
2411,201,11,2024,0,0,0
2412,201,12,2024,0,0,0
2413,202,1,2024,0,0,0
2414,202,2,2024,0,0,0
2415,202,3,2024,0,0,0
2416,202,4,2024,0,0,0
2417,202,5,2024,0,0,0
2418,202,6,2024,0,0,0
2419,202,7,2024,0,0,0
2420,202,8,2024,0,0,0
2421,202,9,2024,0,0,0
2422,202,10,2024,0,0,0
2423,202,11,2024,0,0,0
2424,202,12,2024,0,54030625,0
2425,203,1,2024,0,0,0
2426,203,2,2024,0,0,0
2427,203,3,2024,0,0,0
2428,203,4,2024,0,0,0
2429,203,5,2024,0,0,0
2430,203,6,2024,0,0,0
2431,203,7,2024,0,0,0
2432,203,8,2024,0,0,0
2433,203,9,2024,0,0,0
2434,203,10,2024,0,0,0
2435,203,11,2024,0,0,0
2436,203,12,2024,0,9000000,0
2437,204,1,2024,0,0,0
2438,204,2,2024,0,0,0
2439,204,3,2024,0,0,0
2440,204,4,2024,0,0,0
2441,204,5,2024,0,0,0
2442,204,6,2024,0,0,0
2443,204,7,2024,0,0,0
2444,204,8,2024,0,0,0
2445,204,9,2024,0,0,0
2446,204,10,2024,0,0,0
2447,204,11,2024,0,0,0
2448,204,12,2024,1024877712,0,0
2449,205,1,2024,0,0,0
2450,205,2,2024,0,0,0
2451,205,3,2024,0,0,0
2452,205,4,2024,0,0,0
2453,205,5,2024,0,0,0
2454,205,6,2024,0,0,0
2455,205,7,2024,0,0,0
2456,205,8,2024,0,0,0
2457,205,9,2024,0,0,0
2458,205,10,2024,0,0,0
2459,205,11,2024,16267734,0,35152317
2460,205,12,2024,0,0,1694879
2461,206,1,2024,0,0,0
2462,206,2,2024,0,0,0
2463,206,3,2024,0,0,0
2464,206,4,2024,0,0,0
2465,206,5,2024,0,0,0
2466,206,6,2024,0,0,0
2467,206,7,2024,0,0,0
2468,206,8,2024,0,0,0
2469,206,9,2024,0,0,0
2470,206,10,2024,0,0,0
2471,206,11,2024,0,2905012,0
2472,206,12,2024,0,5810022,0
2473,207,1,2024,0,0,0
2474,207,2,2024,0,0,0
2475,207,3,2024,0,0,0
2476,207,4,2024,0,0,0
2477,207,5,2024,0,0,0
2478,207,6,2024,0,0,0
2479,207,7,2024,0,0,0
2480,207,8,2024,0,0,0
2481,207,9,2024,0,0,0
2482,207,10,2024,0,0,0
2483,207,11,2024,0,0,0
2484,207,12,2024,0,2897605,0
2485,208,1,2024,0,0,0
2486,208,2,2024,0,0,0
2487,208,3,2024,0,0,0
2488,208,4,2024,0,0,0
2489,208,5,2024,0,0,0
2490,208,6,2024,0,0,0
2491,208,7,2024,0,0,0
2492,208,8,2024,0,0,0
2493,208,9,2024,0,0,0
2494,208,10,2024,0,0,0
2495,208,11,2024,0,0,0
2496,208,12,2024,0,2025253,0
2497,209,1,2024,0,0,0
2498,209,2,2024,0,0,0
2499,209,3,2024,0,0,0
2500,209,4,2024,0,0,0
2501,209,5,2024,0,0,0
2502,209,6,2024,0,0,0
2503,209,7,2024,0,0,0
2504,209,8,2024,0,0,0
2505,209,9,2024,0,0,0
2506,209,10,2024,0,0,0
2507,209,11,2024,0,0,0
2508,209,12,2024,0,210624738,0
2509,210,1,2024,0,0,0
2510,210,2,2024,0,0,0
2511,210,3,2024,0,0,0
2512,210,4,2024,0,0,0
2513,210,5,2024,0,0,0
2514,210,6,2024,0,0,0
2515,210,7,2024,0,0,0
2516,210,8,2024,0,0,0
2517,210,9,2024,0,0,0
2518,210,10,2024,0,0,0
2519,210,11,2024,0,0,0
2520,210,12,2024,152066930,0,0
2521,211,1,2024,0,0,0
2522,211,2,2024,0,0,0
2523,211,3,2024,0,0,0
2524,211,4,2024,0,0,0
2525,211,5,2024,0,0,0
2526,211,6,2024,0,0,0
2527,211,7,2024,0,0,0
2528,211,8,2024,0,0,0
2529,211,9,2024,0,0,0
2530,211,10,2024,0,0,0
2531,211,11,2024,0,0,0
2532,211,12,2024,0,320730175,0
2533,212,1,2024,0,0,0
2534,212,2,2024,0,0,0
2535,212,3,2024,0,0,0
2536,212,4,2024,0,0,0
2537,212,5,2024,0,0,0
2538,212,6,2024,0,0,0
2539,212,7,2024,0,0,0
2540,212,8,2024,0,0,0
2541,212,9,2024,0,0,0
2542,212,10,2024,0,0,0
2543,212,11,2024,0,0,0
2544,212,12,2024,0,844014624,0
2545,213,1,2024,0,0,0
2546,213,2,2024,0,0,0
2547,213,3,2024,0,0,0
2548,213,4,2024,0,0,0
2549,213,5,2024,0,0,0
2550,213,6,2024,0,0,0
2551,213,7,2024,0,0,0
2552,213,8,2024,0,0,0
2553,213,9,2024,0,0,0
2554,213,10,2024,0,0,0
2555,213,11,2024,0,0,0
2556,213,12,2024,0,309275854,0
2557,214,1,2024,0,0,0
2558,214,2,2024,0,0,0
2559,214,3,2024,0,0,0
2560,214,4,2024,0,0,0
2561,214,5,2024,0,0,0
2562,214,6,2024,0,0,0
2563,214,7,2024,0,0,0
2564,214,8,2024,0,0,0
2565,214,9,2024,0,0,0
2566,214,10,2024,0,0,0
2567,214,11,2024,0,0,0
2568,214,12,2024,0,482164669,0
2569,215,1,2024,0,0,0
2570,215,2,2024,0,0,0
2571,215,3,2024,0,0,0
2572,215,4,2024,0,0,0
2573,215,5,2024,0,0,0
2574,215,6,2024,0,0,0
2575,215,7,2024,0,0,0
2576,215,8,2024,0,0,0
2577,215,9,2024,0,0,0
2578,215,10,2024,0,0,0
2579,215,11,2024,0,0,0
2580,215,12,2024,0,1847873013,0
2581,216,1,2024,0,0,0
2582,216,2,2024,0,0,0
2583,216,3,2024,0,0,0
2584,216,4,2024,0,0,0
2585,216,5,2024,0,0,0
2586,216,6,2024,0,0,0
2587,216,7,2024,0,0,0
2588,216,8,2024,0,0,0
2589,216,9,2024,0,0,0
2590,216,10,2024,0,0,0
2591,216,11,2024,0,0,0
2592,216,12,2024,0,212237593,0
2593,217,1,2024,0,0,0
2594,217,2,2024,0,0,0
2595,217,3,2024,0,0,0
2596,217,4,2024,0,0,0
2597,217,5,2024,0,0,0
2598,217,6,2024,0,0,0
2599,217,7,2024,0,0,0
2600,217,8,2024,0,0,0
2601,217,9,2024,0,0,0
2602,217,10,2024,0,0,0
2603,217,11,2024,0,1952659,0
2604,217,12,2024,0,0,0
2605,218,1,2024,0,0,0
2606,218,2,2024,0,0,0
2607,218,3,2024,0,0,0
2608,218,4,2024,0,0,0
2609,218,5,2024,0,0,0
2610,218,6,2024,0,0,0
2611,218,7,2024,0,0,0
2612,218,8,2024,0,0,0
2613,218,9,2024,0,0,0
2614,218,10,2024,0,7543505,838167
2615,218,11,2024,0,0,0
2616,218,12,2024,0,0,0
2617,219,1,2024,0,0,0
2618,219,2,2024,0,0,0
2619,219,3,2024,0,0,0
2620,219,4,2024,0,0,0
2621,219,5,2024,0,0,0
2622,219,6,2024,0,0,0
2623,219,7,2024,0,0,0
2624,219,8,2024,0,0,0
2625,219,9,2024,0,14400000,0
2626,219,10,2024,0,0,0
2627,219,11,2024,0,0,0
2628,219,12,2024,0,0,0
2629,220,1,2024,0,0,0
2630,220,2,2024,0,0,0
2631,220,3,2024,0,0,0
2632,220,4,2024,0,0,0
2633,220,5,2024,0,0,0
2634,220,6,2024,0,0,0
2635,220,7,2024,0,0,0
2636,220,8,2024,0,0,0
2637,220,9,2024,221900,0,0
2638,220,10,2024,0,0,0
2639,220,11,2024,0,0,0
2640,220,12,2024,0,0,0
2641,221,1,2024,0,0,0
2642,221,2,2024,0,0,0
2643,221,3,2024,0,0,0
2644,221,4,2024,0,0,0
2645,221,5,2024,0,0,0
2646,221,6,2024,0,0,0
2647,221,7,2024,0,0,0
2648,221,8,2024,0,0,0
2649,221,9,2024,1765000,0,0
2650,221,10,2024,0,0,0
2651,221,11,2024,0,0,0
2652,221,12,2024,0,0,0
2653,222,1,2024,0,0,0
2654,222,2,2024,0,0,0
2655,222,3,2024,0,0,0
2656,222,4,2024,0,0,0
2657,222,5,2024,0,0,0
2658,222,6,2024,0,0,0
2659,222,7,2024,0,0,0
2660,222,8,2024,2100000,0,0
2661,222,9,2024,0,0,0
2662,222,10,2024,0,0,0
2663,222,11,2024,0,0,0
2664,222,12,2024,0,0,0
2665,223,1,2024,0,0,0
2666,223,2,2024,0,0,0
2667,223,3,2024,0,0,0
2668,223,4,2024,0,0,0
2669,223,5,2024,0,0,0
2670,223,6,2024,0,0,0
2671,223,7,2024,0,0,0
2672,223,8,2024,0,0,0
2673,223,9,2024,0,0,0
2674,223,10,2024,152355794,0,0
2675,223,11,2024,0,0,0
2676,223,12,2024,0,0,0
2677,224,1,2024,0,0,0
2678,224,2,2024,0,0,0
2679,224,3,2024,0,0,0
2680,224,4,2024,0,0,0
2681,224,5,2024,0,0,0
2682,224,6,2024,0,0,0
2683,224,7,2024,8531475,0,0
2684,224,8,2024,0,0,0
2685,224,9,2024,0,0,0
2686,224,10,2024,19906786,0,0
2687,224,11,2024,0,0,0
2688,224,12,2024,0,0,0
2689,225,1,2024,0,0,0
2690,225,2,2024,0,0,0
2691,225,3,2024,0,0,0
2692,225,4,2024,0,0,0
2693,225,5,2024,0,49666667,0
2694,225,6,2024,0,0,0
2695,225,7,2024,0,0,0
2696,225,8,2024,0,0,0
2697,225,9,2024,0,0,0
2698,225,10,2024,0,0,0
2699,225,11,2024,0,0,0
2700,225,12,2024,0,0,0
2701,226,1,2024,0,0,0
2702,226,2,2024,0,0,0
2703,226,3,2024,0,1912271,0
2704,226,4,2024,0,0,0
2705,226,5,2024,0,0,0
2706,226,6,2024,0,0,0
2707,226,7,2024,0,0,0
2708,226,8,2024,0,715580,0
2709,226,9,2024,0,0,0
2710,226,10,2024,0,382790,0
2711,226,11,2024,0,0,0
2712,226,12,2024,0,1702228,0
2713,227,1,2024,0,0,0
2714,227,2,2024,0,0,0
2715,227,3,2024,0,2439418,0
2716,227,4,2024,0,0,0
2717,227,5,2024,0,0,0
2718,227,6,2024,0,0,0
2719,227,7,2024,0,0,0
2720,227,8,2024,0,0,0
2721,227,9,2024,0,0,0
2722,227,10,2024,0,1643700,0
2723,227,11,2024,0,0,0
2724,227,12,2024,0,0,0
2725,228,1,2024,0,0,0
2726,228,2,2024,0,0,0
2727,228,3,2024,0,3901372,0
2728,228,4,2024,0,0,0
2729,228,5,2024,0,0,0
2730,228,6,2024,0,0,0
2731,228,7,2024,0,2050000,0
2732,228,8,2024,0,0,0
2733,228,9,2024,0,0,0
2734,228,10,2024,0,4395599,0
2735,228,11,2024,0,0,0
2736,228,12,2024,0,0,0
2737,229,1,2024,0,0,5947149
2738,229,2,2024,0,0,0
2739,229,3,2024,0,0,254237
2740,229,4,2024,0,0,49964
2741,229,5,2024,0,0,0
2742,229,6,2024,0,0,0
2743,229,7,2024,0,0,0
2744,229,8,2024,0,0,0
2745,229,9,2024,0,0,0
2746,229,10,2024,0,0,0
2747,229,11,2024,0,0,0
2748,229,12,2024,0,0,0
2749,230,1,2024,0,2295850,0
2750,230,2,2024,0,0,0
2751,230,3,2024,0,0,0
2752,230,4,2024,0,0,0
2753,230,5,2024,0,0,0
2754,230,6,2024,0,0,0
2755,230,7,2024,0,0,0
2756,230,8,2024,0,0,0
2757,230,9,2024,0,0,0
2758,230,10,2024,0,0,0
2759,230,11,2024,0,0,0
2760,230,12,2024,0,0,0
2761,231,1,2024,0,11479248,0
2762,231,2,2024,0,0,0
2763,231,3,2024,0,0,0
2764,231,4,2024,0,0,0
2765,231,5,2024,0,0,0
2766,231,6,2024,0,0,0
2767,231,7,2024,0,0,0
2768,231,8,2024,0,0,0
2769,231,9,2024,0,0,0
2770,231,10,2024,0,0,0
2771,231,11,2024,0,0,0
2772,231,12,2024,0,0,0
2773,232,1,2024,0,31026766,0
2774,232,2,2024,0,0,0
2775,232,3,2024,0,0,0
2776,232,4,2024,0,0,0
2777,232,5,2024,0,0,0
2778,232,6,2024,0,0,0
2779,232,7,2024,0,0,0
2780,232,8,2024,0,0,0
2781,232,9,2024,0,0,0
2782,232,10,2024,0,0,0
2783,232,11,2024,0,0,0
2784,232,12,2024,0,0,0
2785,233,1,2024,0,27488908,0
2786,233,2,2024,0,0,0
2787,233,3,2024,0,0,0
2788,233,4,2024,0,0,0
2789,233,5,2024,0,0,0
2790,233,6,2024,0,0,0
2791,233,7,2024,0,0,0
2792,233,8,2024,0,0,0
2793,233,9,2024,0,0,0
2794,233,10,2024,0,0,0
2795,233,11,2024,0,0,0
2796,233,12,2024,0,0,0
2797,234,1,2024,6244000,0,0
2798,234,2,2024,0,0,0
2799,234,3,2024,0,0,0
2800,234,4,2024,4394000,0,0
2801,234,5,2024,8550500,0,0
2802,234,6,2024,0,0,0
2803,234,7,2024,4730000,0,0
2804,234,8,2024,0,0,0
2805,234,9,2024,0,0,0
2806,234,10,2024,0,0,0
2807,234,11,2024,0,0,0
2808,234,12,2024,0,0,0
2809,235,1,2024,0,4171946,0
2810,235,2,2024,0,0,0
2811,235,3,2024,0,4925127,0
2812,235,4,2024,0,4183362,0
2813,235,5,2024,0,0,0
2814,235,6,2024,0,0,0
2815,235,7,2024,0,3062800,0
2816,235,8,2024,0,0,0
2817,235,9,2024,0,4498677,0
2818,235,10,2024,0,0,0
2819,235,11,2024,0,0,0
2820,235,12,2024,0,4096270,0
2821,236,1,2024,7028189,0,0
2822,236,2,2024,0,0,0
2823,236,3,2024,877200,0,0
2824,236,4,2024,906025,0,0
2825,236,5,2024,13885268,0,0
2826,236,6,2024,10505500,0,0
2827,236,7,2024,20567428,0,0
2828,236,8,2024,21779218,0,0
2829,236,9,2024,1816740,0,0
2830,236,10,2024,0,0,0
2831,236,11,2024,0,0,0
2832,236,12,2024,605045,0,0
2833,237,1,2024,0,0,0
2834,237,2,2024,0,25649149,0
2835,237,3,2024,0,0,0
2836,237,4,2024,0,7346716,0
2837,237,5,2024,0,0,0
2838,237,6,2024,0,0,0
2839,237,7,2024,0,0,0
2840,237,8,2024,0,0,0
2841,237,9,2024,0,0,0
2842,237,10,2024,0,0,0
2843,237,11,2024,0,0,0
2844,237,12,2024,0,0,0
2845,238,1,2024,0,0,0
2846,238,2,2024,2450000,0,0
2847,238,3,2024,4400000,0,0
2848,238,4,2024,0,33477500,0
2849,238,5,2024,6500000,0,0
2850,238,6,2024,10500000,0,0
2851,238,7,2024,42100000,0,0
2852,238,8,2024,0,0,0
2853,238,9,2024,0,0,0
2854,238,10,2024,0,0,0
2855,238,11,2024,54375000,0,1974000
2856,238,12,2024,0,0,0
2857,239,1,2024,0,0,0
2858,239,2,2024,0,0,0
2859,239,3,2024,0,0,0
2860,239,4,2024,0,5846000,0
2861,239,5,2024,2200000,0,0
2862,239,6,2024,0,0,0
2863,239,7,2024,0,0,0
2864,239,8,2024,0,0,0
2865,239,9,2024,0,0,0
2866,239,10,2024,0,0,0
2867,239,11,2024,35385000,0,0
2868,239,12,2024,0,0,0
2869,240,1,2024,0,0,0
2870,240,2,2024,0,0,0
2871,240,3,2024,0,0,0
2872,240,4,2024,0,0,0
2873,240,5,2024,38200000,0,0
2874,240,6,2024,14000000,0,0
2875,240,7,2024,8500000,0,0
2876,240,8,2024,0,0,0
2877,240,9,2024,0,0,0
2878,240,10,2024,0,0,0
2879,240,11,2024,43050000,0,0
2880,240,12,2024,0,61676300,0
2881,241,1,2024,0,0,0
2882,241,2,2024,0,0,0
2883,241,3,2024,0,0,0
2884,241,4,2024,0,0,0
2885,241,5,2024,0,0,0
2886,241,6,2024,0,0,0
2887,241,7,2024,0,0,0
2888,241,8,2024,0,67467500,0
2889,241,9,2024,0,0,0
2890,241,10,2024,0,741000,0
2891,241,11,2024,0,0,0
2892,241,12,2024,0,0,0
