real_value,budget_value,last_year_real_value,financial_type_id,financial_metric_id,financial_submetric_id,date,actual1_value,actual2_value,actual3_value
2319651299.2583323,2259625302.0393033,2807174992.9250016,13,,,01-01-2024,,,
-2132768957.9999979,-4430831151.479414,1064145726.2048329,14,,,01-01-2024,,,
-1447248724.000001,-834930515.2319984,-676506544.9999872,15,,,01-01-2024,,,
-57042078724.0,-56866472121.49152,-53741435693.99999,16,,,01-01-2024,,,
101698406.0,24274456.656249788,-129137628.0,,45,,01-01-2024,,,
-3298945825.37333,-6618055446.916634,-605909331.795169,,46,,01-01-2024,,,
,0.0,0.0,,47,,01-01-2024,,,
-1255172837.885,-96675463.25833333,-1007982306.9249998,,48,,01-01-2024,,,
,0.0,0.0,,49,,01-01-2024,,,
,0.0,0.0,,50,,01-01-2024,,,
,0.0,0.0,,51,,01-01-2024,,,
,0.0,0.0,,52,,01-01-2024,,,
-103381366.0,-99555555.5555556,-80119478.0,,53,,01-01-2024,,,
,0.0,0.0,,54,,01-01-2024,,,
788901599.999997,3695456191.802971,-1660532793.2048202,,55,,01-01-2024,,,
-61616596499.0,-72603947403.30565,-66128925756.99999,,56,,01-01-2024,,,
4574517775.0,15737475281.814125,12387490062.999998,,57,,01-01-2024,,,
-103381366.0,-99555555.5555556,-80119478.0,,,1,01-01-2024,,,
,0.0,0.0,,,2,01-01-2024,,,
,0.0,0.0,,,3,01-01-2024,,,
2119574043.8283892,2125917108.6729212,1500112546.9249973,13,,,02-01-2024,,,
3644893254.377739,-2411069511.0753717,-315084002.3770028,14,,,02-01-2024,,,
3592033484.0000033,168843773.30266142,3236446042.9999776,15,,,02-01-2024,,,
-53450045240.0,-56700091182.503525,-50504989651.00001,16,,,02-01-2024,,,
65115097.00000001,24274456.656249788,481402106.0,,45,,02-01-2024,,,
2286616332.47435,-3922393273.1462097,-1880559963.377,,46,,02-01-2024,,,
,0.0,0.0,,47,,02-01-2024,,,
-826412218.9250002,-638867803.2583333,-416038691.925,,48,,02-01-2024,,,
,0.0,0.0,,49,,02-01-2024,,,
,0.0,0.0,,50,,02-01-2024,,,
,0.0,0.0,,51,,02-01-2024,,,
,0.0,0.0,,52,,02-01-2024,,,
-95108812.0,-90888888.8888889,-99000000.0,,53,,02-01-2024,,,
,0.0,0.0,,54,,02-01-2024,,,
42249041.6222645,2670802173.266922,3650530045.3769803,,55,,02-01-2024,,,
-62892273408.0,-72585683896.22815,-64219933213.00001,,56,,02-01-2024,,,
9442228168.000002,15885592713.724627,13714943562.0,,57,,02-01-2024,,,
-95108812.0,-90888888.8888889,-99000000.0,,,1,02-01-2024,,,
,0.0,0.0,,,2,02-01-2024,,,
,0.0,0.0,,,3,02-01-2024,,,
2997975026.91329,2415182133.2820153,2689829858.174998,13,,,03-01-2024,,,
2432276730.6834507,6841680533.534177,745589736.4178753,14,,,03-01-2024,,,
-422084144.93880916,-177212005.11451435,-298593996.5821167,15,,,03-01-2024,,,
-53872100000.0,-56899609942.964485,-52626176571.0,16,,,03-01-2024,,,
-17511159.0,24274456.656249788,133313331.74999781,,45,,03-01-2024,,,
373727805.96016,10871170861.470055,-1729899214.5821202,,46,,03-01-2024,,,
,0.0,,,47,,03-01-2024,,,
-921914943.1899997,-6468946917.874143,-347654238.925,,48,,03-01-2024,,,
,0.0,,,49,,03-01-2024,,,
,0.0,,,50,,03-01-2024,,,
,0.0,,,51,,03-01-2024,,,
,0.0,,,52,,03-01-2024,,,
-729110234.0,-1198342807.6899278,-91377082.0,,53,,03-01-2024,,,
-1165300000.0,0.0,,,54,,03-01-2024,,,
-959950641.6222599,-5820549730.958763,-952806650.999992,,55,,03-01-2024,,,
-61393773786.00001,-68772187439.30565,-64025176571.0,,56,,03-01-2024,,,
7521673786.00001,11872577496.341166,11399000000.0,,57,,03-01-2024,,,
-440610234.0,-932462574.4080806,-91377082.0,,,1,03-01-2024,,,
-288500000.0,-265880233.28184727,,,,2,03-01-2024,,,
,0.0,,,,3,03-01-2024,,,
2371407860.417572,2169246742.771388,2229419102.772458,13,,,04-01-2024,2167514884.3054075,,
5384508121.948003,-9537291370.874578,2689744828.0,14,,,04-01-2024,5263353332.921553,,
5419764978.8868065,-4828383003.788544,988844138.0,15,,,04-01-2024,9876187148.09883,,
-48452364406.052,-61721190510.41699,-49703401265.0,16,,,04-01-2024,-50700705925.198685,,
47975993.0,24274456.656249788,263321054.0,,45,,04-01-2024,12545937.595959596,,
7228927052.23043,-10162346548.14605,585857687.152542,,46,,04-01-2024,5162346548.1460495,,
,0.0,,,47,,04-01-2024,0.0,,
-4263802783.7,-1568466022.1561668,-388853015.92499995,,48,,04-01-2024,-2079054037.125864,,
,0.0,,,49,,04-01-2024,0.0,,
,0.0,,,50,,04-01-2024,0.0,,
,0.0,,,51,,04-01-2024,0.0,,
,0.0,,,52,,04-01-2024,0.0,,
-162604004.62847465,-96666666.6666667,-161550949.0,,53,,04-01-2024,-192741218.5754246,,
,0.0,,,54,,04-01-2024,0.0,,
197860861.567278,4805575033.752701,-1539349741.0,,55,,04-01-2024,4805575033.752701,,
-66252934321.00001,-69670151412.32721,-64149224364.0,,56,,04-01-2024,-69166004063.07993,,
17800569914.94801,7948960901.910213,14445823099.0,,57,,04-01-2024,18465298137.881237,,
-66330417.0,-96666666.6666667,-161550949.0,,,1,04-01-2024,-96666666.6666667,,
-96273587.62847467,,,,,2,04-01-2024,-96074551.9087579,,
,0.0,,,,3,04-01-2024,0.0,,
1946491267.842096,2632868564.5386033,2649370267.770686,13,,,05-01-2024,2465289939.551928,,
1403066525.1853633,2451838204.1128416,19099659.499526024,14,,,05-01-2024,-4959227848.060131,,
824147972.0519781,1278733004.1632276,-524801646.41787696,15,,,05-01-2024,-6228407599.918503,,
-47628216434.000015,-60465571604.013885,-50339541156.00001,16,,,05-01-2024,-53336837811.233536,,
27954962.999999993,24274456.656249788,46790585.0,,45,,05-01-2024,12545937.595959596,,
199326528.86448902,3272835446.5781555,-1690119530.34616,,46,,05-01-2024,-3272835446.5781555,,
,0.0,,,47,,05-01-2024,0.0,,
-770706234.5212216,-3478140263.6601667,-986941662.9250002,,48,,05-01-2024,-4164228278.6298637,,
,0.0,,,49,,05-01-2024,0.0,,
,0.0,,,50,,05-01-2024,0.0,,
,0.0,,,51,,05-01-2024,0.0,,
,0.0,,,52,,05-01-2024,0.0,,
-616079404.3696651,-99555555.5555556,-105018375.0,,53,,05-01-2024,-195630107.4643135,,
,0.0,,,54,,05-01-2024,0.0,,
37160851.23628,-1073549644.3940582,-438882930.917403,,55,,05-01-2024,-1073549644.3940582,,
-71291464381.00002,-69671870700.04259,-67425360574.00001,,56,,05-01-2024,-69167723350.7953,,
23663247947.0,9206299096.028702,17085819418.0,,57,,05-01-2024,15830885539.561766,,
-531686626.00000006,-99555555.5555556,-105018375.0,,,1,05-01-2024,-99555555.5555556,,
-84392778.36966512,0.0,,,,2,05-01-2024,-96074551.9087579,,
,,,,,3,05-01-2024,0.0,,
2284570710.8813806,2368563752.344548,2322895668.4808617,13,,,06-01-2024,2297753534.4843307,2284570710.8813806,
-11962575674.194519,-1700081453.1067922,-397410306.9999974,14,,,06-01-2024,-2297955510.996997,-11962575674.194519,
-13218483565.999979,-2190955735.6443377,-2109388844.000013,15,,,06-01-2024,-2522949560.252695,-13218483565.999979,
-60846700000.00001,-62643912949.54622,-53991500000.00001,16,,,06-01-2024,-53291709109.29991,-60846700000.00001,
-11633300.0,24274456.656249788,92447590.75100262,,45,,06-01-2024,12545937.595959596,-11633300.0,
-12801653535.1509,-2086734184.2359238,-1239587521.306862,,46,,06-01-2024,-2086734184.2359238,-12801653535.1509,
,0.0,,,47,,06-01-2024,0.0,,
-1433859549.925,-2006185477.8716667,-1573166044.9249997,,48,,06-01-2024,-2521520798.8413634,-1433859549.925,
,,,,49,,06-01-2024,,,
,,,,50,,06-01-2024,,,
,,,,51,,06-01-2024,,,
,,,,52,,06-01-2024,,,
-184916179.0018603,-1156522323.063928,-104934968.0,,53,,06-01-2024,-890642089.7820805,-184916179.0018603,
-2385500000.0,0.0,,,54,,06-01-2024,0.0,-2385500000.0,
1314508287.1964,665648040.5263824,-1607043569.0000157,,55,,06-01-2024,665648040.5263824,1314508287.1964,
-72542537075.80545,-71830891448.32721,-67304363296.99999,,56,,06-01-2024,-71326744099.07993,-72542537075.80545,
11695837075.805443,9186978498.780989,13312863296.999985,,57,,06-01-2024,18035034989.78001,11695837075.805443,
-82082544.99999999,-890642089.7820805,-104934968.0,,,1,06-01-2024,-890642089.7820805,-82082544.99999999,
-102833634.0018603,-265880233.28184727,,,,2,06-01-2024,0.0,-102833634.0018603,
,,,,,3,06-01-2024,,,
1919489501.3660142,2486735593.3812323,1917635074.2718768,13,,,07-01-2024,,2236739444.7582154,
-1890365879.50748,3253913476.8196025,148282281.82219505,14,,,07-01-2024,,3003917328.1965857,
-228432623.70200092,876069906.0681086,-750408375.999992,15,,,07-01-2024,,626073757.4450917,
-61075132623.701996,-61785058521.96222,-54741208376.0,16,,,07-01-2024,,-61785058521.96222,
-2553671.0,24274456.656249788,32932232.999999996,,45,,07-01-2024,,24274456.656249788,
-732205868.948494,1103176659.373787,8616325355.475319,,46,,07-01-2024,,1103176659.373787,
,0.0,0.0,,47,,07-01-2024,,0.0,
-3075095840.925,-360273232.5916667,-10418610380.925001,,48,,07-01-2024,,-360273232.5916667,
,0.0,0.0,,49,,07-01-2024,,0.0,
,0.0,0.0,,50,,07-01-2024,,0.0,
,0.0,0.0,,51,,07-01-2024,,0.0,
,0.0,0.0,,52,,07-01-2024,,0.0,
-323514047.25441015,-99555555.5555556,-180240615.0,,53,,07-01-2024,,-99555555.5555556,
1543000000.0,0.0,0.0,,54,,07-01-2024,,0.0,
442447303.059889,-2278288015.195938,-718450042.8221871,,55,,07-01-2024,,-2278288015.195938,
-72470977667.0,-72581961875.48434,-69311415643.0,,56,,07-01-2024,,-72581961875.48434,
11395845043.298,10796903353.52213,14570207267.0,,57,,07-01-2024,,10796903353.52213,
-237696886.0,-99555555.5555556,-180240615.0,,,1,07-01-2024,,-99555555.5555556,
-85817161.25441015,0.0,,,,2,07-01-2024,,0.0,
,,0.0,,,3,07-01-2024,,,
1670085985.4839818,2699078862.806312,2245295617.899577,13,,,08-01-2024,,2367415896.081108,
4239948504.3161225,5908121369.327094,-116606363.99999762,14,,,08-01-2024,,5576458402.60189,
1251523651.3161228,2346218568.424836,-1090535580.9999886,15,,,08-01-2024,,2014555601.6996317,
-59823608972.38588,-59434673204.38599,-55831743957.0,16,,,08-01-2024,,-59434673204.38599,
57157482.0,24274456.656249788,18201366.0,,45,,08-01-2024,,24274456.656249788,
5172390714.75714,6549735116.056198,889338266.025425,,46,,08-01-2024,,6549735116.056198,
,0.0,0.0,,47,,08-01-2024,,0.0,
-2659685677.9249997,-3364967066.1916666,-3269441613.9249997,,48,,08-01-2024,,-3364967066.1916666,
,0.0,0.0,,49,,08-01-2024,,0.0,
,0.0,0.0,,50,,08-01-2024,,0.0,
,0.0,0.0,,51,,08-01-2024,,0.0,
,0.0,0.0,,52,,08-01-2024,,0.0,
-244368753.9955898,-99555555.5555556,-131777956.99999999,,53,,08-01-2024,,-99555555.5555556,
-1543000000.0,0.0,0.0,,54,,08-01-2024,,0.0,
-1201056099.00441,-3462347245.3467026,-842151259.9999909,,55,,08-01-2024,,-3462347245.3467026,
-73162415636.0,-72581961875.48434,-69321934076.0,,56,,08-01-2024,,-72581961875.48434,
13338806663.614122,13147288671.098362,13490190119.0,,57,,08-01-2024,,13147288671.098362,
-160855620.0,-99555555.5555556,-131777956.99999999,,,1,08-01-2024,,-99555555.5555556,
-83513133.99558981,0.0,,,,2,08-01-2024,,0.0,
,,0.0,,,3,08-01-2024,,,
1548568501.924993,2486337254.880741,2172300090.104547,13,,,09-01-2024,,2373441113.3693056,1614658501.92499
274126869.68743324,2455791475.5099993,-450008433.4750638,14,,,09-01-2024,,2342895333.998564,-1394935819.9863737
1647212711.6874433,-2651673204.511732,-30488083.802183628,15,,,09-01-2024,,-2764569346.0231676,1647212711.6874447
-58176396260.69843,-62070970932.903206,-54320578428.802185,16,,,09-01-2024,,-62070970932.903206,-58176396260.69843
-14678790.0,24274456.656249788,-1716875582.9010916,,45,,09-01-2024,,24274456.656249788,52621210.0
1700214861.94845,5184624996.564674,649461345.246481,,46,,09-01-2024,,5184624996.564674,0.0
,0.0,0.0,,47,,09-01-2024,,0.0,0.0
-2959977704.18601,-5239445232.591666,-1554894285.9250002,,48,,09-01-2024,,-5239445232.591666,-3062215531.9113636
,0.0,0.0,,49,,09-01-2024,,0.0,0.0
,0.0,0.0,,50,,09-01-2024,,0.0,0.0
,0.0,0.0,,51,,09-01-2024,,0.0,0.0
,0.0,0.0,,52,,09-01-2024,,0.0,0.0
-1342240919.74,-1113443662.330928,-2811274149.0,,53,,09-01-2024,,-1113443662.330928,-1168440919.74
1691200000.0,0.0,-660900000.0,,54,,09-01-2024,,0.0,1691200000.0
1024126761.74001,-3994021017.6908035,3891694498.67288,,55,,09-01-2024,,-3994021017.6908035,2519389451.4138184
-66974980230.99999,-68742664052.27455,-69971391583.0,,56,,09-01-2024,,-68742664052.27455,-66974980230.99999
8798583970.30156,6671693119.371348,15650813154.197819,,57,,09-01-2024,,6671693119.371348,8798583970.30156
-1077370581.0,-847563429.0490807,-2015474149.0,,,1,09-01-2024,,-847563429.0490807,-1077370581.0
-91070338.73999992,-265880233.28184727,-795800000.0,,,2,09-01-2024,,-265880233.28184727,-91070338.73999992
-173800000.0,,0.0,,,3,09-01-2024,,,
1390390950.9336982,2703114670.844069,2194261072.455576,13,,,10-01-2024,,,1601873778.797848
2531226545.750931,2238987967.3420706,-1731572179.5358233,14,,,10-01-2024,,,144510064.5915537
-3247942927.2490764,2946793190.1526957,-2044349633.1978192,15,,,10-01-2024,,,-1092590693.9084563
-61424339187.94751,-59130726911.76797,-56364711674.0,16,,,10-01-2024,,,-59268986954.60689
41797882.0,24274456.656249788,44693707.0,,45,,10-01-2024,,,29000000.000000004
345556862.936846,-445892363.5665817,1548588358.9336,,46,,10-01-2024,,,133996272.70506921
,0.0,0.0,,47,,10-01-2024,,,0.0
753480849.8803864,-42508796.59166667,-5519115317.924999,,48,,10-01-2024,,,-1620359986.9113636
,0.0,0.0,,49,,10-01-2024,,,
,0.0,0.0,,50,,10-01-2024,,,
,0.0,0.0,,51,,10-01-2024,,,
,0.0,0.0,,52,,10-01-2024,,,
-3651333124.5759974,-99555555.5555556,-169512559.0,,53,,10-01-2024,,,-271679446.5630058
,0.0,0.0,,54,,10-01-2024,,,0.0
-2127836348.4240098,807360778.3661804,-143264894.661996,,55,,10-01-2024,,,-965421311.9370041
-73200925562.0,-68694713647.745026,-69615102991.0,,56,,10-01-2024,,,-66790023560.0
11776586374.052486,9563986735.977058,13250391317.000002,,57,,10-01-2024,,,7521036605.393113
-242364833.0,-99555555.5555556,-169512559.0,,,1,10-01-2024,,,-186813100.5
-82744809.57599752,0.0,,,,2,10-01-2024,,,-84866346.06300583
-3326223482.0,,0.0,,,3,10-01-2024,,,
1165991803.9011164,2651958517.0755224,2144455835.3118892,13,,,11-01-2024,,,1865625559.4845107
502378734.14427114,1205609783.1062388,-3264624001.0000005,14,,,11-01-2024,,,-526497841.9546306
599145124.947493,2064699470.4411056,-6135547656.0,15,,,11-01-2024,,,-293976969.376506
-60825194063.000015,-57056600339.31815,-62500259330.0,16,,,11-01-2024,,,-59562963923.98339
36395078.0,24274456.656249788,77171348.0,,45,,11-01-2024,,,28000000.222222228
924300878.168155,-1172614394.033867,-3548959503.38689,,46,,11-01-2024,,,0.0
,0.0,0.0,,47,,11-01-2024,,,0.0
-1624309025.9250002,-298008796.5916667,-1937291680.9249997,,48,,11-01-2024,,,-2420123401.6613636
,0.0,0.0,,49,,11-01-2024,,,0.0
,0.0,0.0,,50,,11-01-2024,,,0.0
,0.0,0.0,,51,,11-01-2024,,,0.0
,0.0,0.0,,52,,11-01-2024,,,0.0
-208401183.5297612,-96666666.6666667,-142796129.0,,53,,11-01-2024,,,-461646770.13846624
,0.0,0.0,,54,,11-01-2024,,,0.0
305167574.332983,955756354.0015335,-2728127526.0,,55,,11-01-2024,,,694167642.7165909
-72550530027.00002,-68688672079.700455,-74502105181.0,,56,,11-01-2024,,,-66863655178.99999
11725335964.0,11632071740.382301,12001845851.000002,,57,,11-01-2024,,,7300691255.016601
-130719123.0,-96666666.6666667,-142796129.0,,,1,11-01-2024,,,-199791840.75
-77682060.52976118,0.0,0.0,,,2,11-01-2024,,,-88054929.38846625
,,0.0,,,3,11-01-2024,,,-173800000.0
-22868664.750851166,3061585121.50482,2907537262.907551,13,,,12-01-2024,,,3133663232.8280973
-2182540877.3875713,444566930.203795,6300315923.55992,14,,,12-01-2024,,,1708921520.8125775
-2217445152.0999823,598863190.9668577,6905713049.11646,15,,,12-01-2024,,,-2606274785.530962
-63122800979.0,-56442493403.89592,-55594830000.0,16,,,12-01-2024,,,-62169238709.51435
1712772525.0000002,24274456.656249788,-60756686.599909,,45,,12-01-2024,,,12999999.866666712
5735437451.53228,-2538783851.365608,3454533471.17728,,46,,12-01-2024,,,-82096850.33294415
,0.0,0.0,,47,,12-01-2024,,,0.0
-9607882189.169,-102508796.59166665,-998123.9250023464,,48,,12-01-2024,,,-1355644861.5492427
,0.0,0.0,,49,,12-01-2024,,,0.0
,0.0,0.0,,50,,12-01-2024,,,0.0
,0.0,0.0,,51,,12-01-2024,,,0.0
,0.0,0.0,,52,,12-01-2024,,,0.0
-860591438.784241,-1116332551.219817,-610597739.0,,53,,12-01-2024,,,-2733499031.992633
-859000000.0,0.0,-1657300000.0,,54,,12-01-2024,,,-1691200000.0
1684687164.07183,1270628811.9828796,2873294864.5565395,,55,,12-01-2024,,,109502725.64909363
-73575903519.0,-62390835781.228004,-62866214198.99999,,56,,12-01-2024,,,-68653039214.142365
10453102540.0,5948342377.332087,7271384198.99999,,57,,12-01-2024,,,6483800504.628017
-664926617.0,-850452317.9379696,-337597739.0,,,1,12-01-2024,,,-199791840.75
-219064821.784241,-265880233.28184727,-273000000.0,,,2,12-01-2024,,,-78596561.36763287
23400000.0,,0.0,,,3,12-01-2024,,,-3326200000.0
