real_value,budget_value,last_year_real_value,entity_id,entity_type,date,actual1_value,actual2_value,actual3_value
4134.060607,3627.3190996939015,4282.975957,160,type,01-01-2024,,,
-10.210921,12.301139432994944,11.919919,161,type,01-01-2024,,,
20.653505,20.895126880210444,21.963041,162,type,01-01-2024,,,
190.612275,186.24878188724634,162.2031,163,type,01-01-2024,,,
1.5559800000000001,1.6777734304338403,1.755396,164,type,01-01-2024,,,
30.596928,29.19530050111299,28.587013000000365,165,type,01-01-2024,,,
53.16682699999999,60.58029725465431,69.08451000000001,166,type,01-01-2024,,,
,,0.0,167,type,01-01-2024,,,
,,0.0,168,type,01-01-2024,,,
237.253128,231.13589344832553,291.55528400000003,169,type,01-01-2024,,,
0.055366,0.03353135711494557,0.027484,170,type,01-01-2024,,,
0.579018,0.42483464870510196,0.631647,171,type,01-01-2024,,,
3.811916,3.598468722157636,4.656046,172,type,01-01-2024,,,
-34.062214,-9.234761500000001,-8.690506,1,category,01-01-2024,,,
4039.308541,3584.846190041014,4255.9700569999995,2,category,01-01-2024,,,
6.721654,5.989972799703519,7.483258,3,category,01-01-2024,,,
3929.111582,4240.41205113194,3409.548715,4,category,01-01-2024,,,
122.09262600000001,45.71769835318422,28.213148,5,category,01-01-2024,,,
1.551873,0.8081805091321668,1.74879,6,category,01-01-2024,,,
0.004107,0.022369566462963442,0.006606,7,category,01-01-2024,,,
1.63691,1.384725146812546,1.083052,8,category,01-01-2024,,,
0.0,0.84722335483871,0.0,9,category,01-01-2024,,,
11.449134,13.536275265040532,14.273374000000365,10,category,01-01-2024,,,
18.338001,15.034458236072458,13.394314,11,category,01-01-2024,,,
9.392304,37.08353467561669,24.4523,12,category,01-01-2024,,,
0.809793,0.624567,0.919325,13,category,01-01-2024,,,
39.514088999999984,48.579007600478434,56.97008400000001,14,category,01-01-2024,,,
0.16841200000000003,0.21321525417587717,0.21046199999999998,15,category,01-01-2024,,,
101.751932,126.07894584711879,94.779584,16,category,01-01-2024,,,
13.484326000000001,11.7880744,11.903964000000002,17,category,01-01-2024,,,
,0.0,0.0,18,category,01-01-2024,,,
,0.0,0.0,19,category,01-01-2024,,,
,0.0,0.0,20,category,01-01-2024,,,
112.78114599999999,164.54720566954802,120.314936,21,category,01-01-2024,,,
1925.913700720339,1720.6281994972546,1978.788130194915,1,subcategory,01-01-2024,,,
1821.5084833983049,1592.4079077123588,2016.5335838050848,2,subcategory,01-01-2024,,,
0.0,0.0,0.0,3,subcategory,01-01-2024,,,
0.0,0.0,0.0,4,subcategory,01-01-2024,,,
0.0,40.20092419743025,0.0,5,subcategory,01-01-2024,,,
72.34898763559322,42.429676316471344,0.4698240254237288,6,subcategory,01-01-2024,,,
206.8095892457627,172.4954348757653,244.21622197457626,7,subcategory,01-01-2024,,,
12.72778,16.684047441733842,15.962297,8,subcategory,01-01-2024,,,
1.899627,1.5873024074015027,2.212414,9,subcategory,01-01-2024,,,
1.765875,1.559302655869241,2.357477,10,subcategory,01-01-2024,,,
0.0,0.0,0.0,11,subcategory,01-01-2024,,,
0.001729,0.0,0.005869,12,subcategory,01-01-2024,,,
0.444316,0.4929507578114146,0.123896,13,subcategory,01-01-2024,,,
2.610107,2.350416978621361,2.783602,14,subcategory,01-01-2024,,,
0.565572,0.6630457629495862,0.612775,15,subcategory,01-01-2024,,,
11.08976909091001,9.270868681147064,27.600373,16,subcategory,01-01-2024,,,
0.0,0.0,0.0,17,subcategory,01-01-2024,,,
0.0,0.0,0.0,18,subcategory,01-01-2024,,,
0.0,0.0,0.0,19,subcategory,01-01-2024,,,
110.43728490909,35.78378390908757,0.0,20,subcategory,01-01-2024,,,
0.0,0.0,0.0,21,subcategory,01-01-2024,,,
0.293624,0.27266102243736495,0.318002,22,subcategory,01-01-2024,,,
0.588739,0.27266102243736495,0.864431,23,subcategory,01-01-2024,,,
0.0,0.0,0.0,24,subcategory,01-01-2024,,,
0.0,0.0,0.0,25,subcategory,01-01-2024,,,
0.019446,0.004931590017111618,0.009211,26,subcategory,01-01-2024,,,
0.003216,0.009707048768980216,0.008532,27,subcategory,01-01-2024,,,
0.271662,0.1877719535602679,0.242879,28,subcategory,01-01-2024,,,
0.375186,0.06044787191107719,0.305735,29,subcategory,01-01-2024,,,
0.004107,0.005100768656066185,0.006606,30,subcategory,01-01-2024,,,
0.0,0.0,0.0,31,subcategory,01-01-2024,,,
0.0,0.0,0.0,32,subcategory,01-01-2024,,,
0.0,0.0,0.0,33,subcategory,01-01-2024,,,
0.0,0.0,0.0,34,subcategory,01-01-2024,,,
0.0,0.017268797806897256,0.0,35,subcategory,01-01-2024,,,
,0.0,0.0,36,subcategory,01-01-2024,,,
,0.84722335483871,0.0,37,subcategory,01-01-2024,,,
,0.0,0.0,38,subcategory,01-01-2024,,,
3.180434,2.643620419073624,3.286858,39,subcategory,01-01-2024,,,
7.071411,6.951498599892275,7.418605,40,subcategory,01-01-2024,,,
0.0,0.0,0.0,41,subcategory,01-01-2024,,,
0.0,0.0,0.0,42,subcategory,01-01-2024,,,
0.0,0.0,0.0,43,subcategory,01-01-2024,,,
0.032085,0.032324617502853044,0.054809,44,subcategory,01-01-2024,,,
1.401239,2.646523737736344,1.972599,45,subcategory,01-01-2024,,,
-0.236035,1.2623078908354353,1.540503000000363,46,subcategory,01-01-2024,,,
18.338001,15.034458236072458,13.394314,47,subcategory,01-01-2024,,,
0.0,0.0,0.0,48,subcategory,01-01-2024,,,
0.0,0.0,0.0,49,subcategory,01-01-2024,,,
0.0,0.0,0.0,50,subcategory,01-01-2024,,,
0.0,0.0,0.0,51,subcategory,01-01-2024,,,
0.0,0.0,0.0,52,subcategory,01-01-2024,,,
0.0,0.0,0.0,53,subcategory,01-01-2024,,,
0.809793,0.624567,0.919325,54,subcategory,01-01-2024,,,
0.0,0.0,0.0,55,subcategory,01-01-2024,,,
15.545727754237213,16.265880722096213,23.45425809322034,56,subcategory,01-01-2024,,,
20.473459381355994,27.39461662873499,29.2863089661017,57,subcategory,01-01-2024,,,
0.0,0.0,0.0,58,subcategory,01-01-2024,,,
0.0,0.0,0.0,59,subcategory,01-01-2024,,,
0.0,0.0,0.0,60,subcategory,01-01-2024,,,
0.48717851694915254,0.4281014386800103,0.025241805084745807,61,subcategory,01-01-2024,,,
2.23994834745763,2.7917057418553575,2.4975251355932198,62,subcategory,01-01-2024,,,
0.767775,1.6987030691118588,1.70675,63,subcategory,01-01-2024,,,
-0.127571,0.03662573999124221,-0.12107,64,subcategory,01-01-2024,,,
0.152766,0.05483480156106644,0.188697,65,subcategory,01-01-2024,,,
0.0,0.0,0.0,66,subcategory,01-01-2024,,,
1.3e-05,1.4244516792229314e-05,0.000109,67,subcategory,01-01-2024,,,
0.031857,0.02720951986359663,0.008184,68,subcategory,01-01-2024,,,
0.111347,0.09453094824317965,0.134542,69,subcategory,01-01-2024,,,
0.0,0.0683054,0.0,70,subcategory,01-01-2024,,,
1.186444,1.0313579999999998,1.016951,71,subcategory,01-01-2024,,,
12.280551,10.688411,10.876822,72,subcategory,01-01-2024,,,
0.0,0.0,0.0,73,subcategory,01-01-2024,,,
0.017331,0.0,0.010191,74,subcategory,01-01-2024,,,
0.0,0.0,0.0,75,subcategory,01-01-2024,,,
0.0,0.0,0.0,76,subcategory,01-01-2024,,,
0.0,0.0,0.0,77,subcategory,01-01-2024,,,
3898.707122,3422.6543365656553,3864.0686169474525,160,type,02-01-2024,,,
12.944075,12.445723899308707,11.296512,161,type,02-01-2024,,,
20.636356,20.92860195754016,22.356027,162,type,02-01-2024,,,
179.799941,186.91927726531753,161.1565030525456,163,type,02-01-2024,,,
0.743396,1.991147591126921,1.269745,164,type,02-01-2024,,,
11.753395999999997,28.37909160775009,16.801499,165,type,02-01-2024,,,
50.658936999999995,57.143490992427736,63.552372000000005,166,type,02-01-2024,,,
,,0.0,167,type,02-01-2024,,,
,,0.0,168,type,02-01-2024,,,
231.072251,228.61618293121654,278.778713,169,type,02-01-2024,,,
0.04959,0.03316581755328353,0.068425,170,type,02-01-2024,,,
0.45521,0.4202033458104961,0.682754,171,type,02-01-2024,,,
2.751073,3.5592402866713257,4.27045,172,type,02-01-2024,,,
-16.284725,-9.234761500000001,-9.257013,1,category,02-01-2024,,,
3786.623694,3384.8374809977663,3841.624122947452,2,category,02-01-2024,,,
6.613697,5.159303181616519,6.585184,3,category,02-01-2024,,,
3651.921204,4062.9149155090313,3147.023803,4,category,02-01-2024,,,
121.754456,41.892313886272376,25.116323,5,category,02-01-2024,,,
0.738906,1.1212907436267163,1.267402,6,category,02-01-2024,,,
0.00449,0.022632492661494502,0.002343,7,category,02-01-2024,,,
0.787466,1.3267626789626048,0.60534,8,category,02-01-2024,,,
0.0,0.8472243548387101,0.0,9,category,02-01-2024,,,
12.166204999999998,12.736275034736583,11.880456,10,category,02-01-2024,,,
-1.168141,15.0585442181748,3.917584,11,category,02-01-2024,,,
26.431332,35.53127487059663,3.144792,12,category,02-01-2024,,,
0.755332,0.5842723548387097,1.003459,13,category,02-01-2024,,,
37.316004,45.915038411606915,51.171768,14,category,02-01-2024,,,
0.15130300000000002,0.2008991098530814,0.188301,15,category,02-01-2024,,,
100.287131,120.80147481827252,87.916734,16,category,02-01-2024,,,
13.191629999999998,11.02755347096774,12.192303,17,category,02-01-2024,,,
,0.0,0.0,18,category,02-01-2024,,,
,0.0,0.0,19,category,02-01-2024,,,
,0.0,0.0,20,category,02-01-2024,,,
127.505929,157.65951236783175,91.666866,21,category,02-01-2024,,,
1831.4185031949153,1637.3301786040736,1848.836198616944,1,subcategory,02-01-2024,,,
1675.7918035,1496.8211025162966,1765.8035839915256,2,subcategory,02-01-2024,,,
0.0,0.0,0.0,3,subcategory,02-01-2024,,,
0.0,0.0,0.0,4,subcategory,02-01-2024,,,
0.0,44.27204411597068,0.0,5,subcategory,02-01-2024,,,
74.7611735338983,40.05128608097134,0.424430593220339,6,subcategory,02-01-2024,,,
191.51705177118646,152.27899748221859,212.0512617457627,7,subcategory,02-01-2024,,,
13.135162,14.083872198235577,14.508648,8,subcategory,02-01-2024,,,
1.969119,1.410729528781573,2.09072,9,subcategory,02-01-2024,,,
1.712154,1.3611316962293611,2.049614,10,subcategory,02-01-2024,,,
0.0,0.0,0.0,11,subcategory,02-01-2024,,,
0.001983,0.0,0.008631,12,subcategory,02-01-2024,,,
0.483856,0.42530187572678946,0.107244,13,subcategory,02-01-2024,,,
2.446585,1.9621400808787954,2.328975,14,subcategory,02-01-2024,,,
0.583941,0.6233699600376027,0.561292,15,subcategory,02-01-2024,,,
8.282159322033898,8.624898476267141,24.555031,16,subcategory,02-01-2024,,,
0.0,0.0,0.0,17,subcategory,02-01-2024,,,
0.0,0.0,0.0,18,subcategory,02-01-2024,,,
0.0,0.0,0.0,19,subcategory,02-01-2024,,,
112.8883556779661,32.64404544996763,0.0,20,subcategory,02-01-2024,,,
0.0,0.0,0.0,21,subcategory,02-01-2024,,,
0.226887,0.25806801654812045,0.308331,22,subcategory,02-01-2024,,,
0.470392,0.6147344184254115,0.72851,23,subcategory,02-01-2024,,,
0.0,0.0,0.0,24,subcategory,02-01-2024,,,
0.0,0.0,0.0,25,subcategory,02-01-2024,,,
0.053445,0.0046696806398544835,0.021228,26,subcategory,02-01-2024,,,
0.024492,0.008883698720215289,0.008214,27,subcategory,02-01-2024,,,
0.085377,0.17772226915856945,0.26622,28,subcategory,02-01-2024,,,
-0.121687,0.05721266013454509,-0.065101,29,subcategory,02-01-2024,,,
0.00449,0.005160721794386784,0.002343,30,subcategory,02-01-2024,,,
0.0,0.0,0.0,31,subcategory,02-01-2024,,,
0.0,0.0,0.0,32,subcategory,02-01-2024,,,
0.0,0.0,0.0,33,subcategory,02-01-2024,,,
0.0,0.0,0.0,34,subcategory,02-01-2024,,,
0.0,0.017471770867107717,0.0,35,subcategory,02-01-2024,,,
,0.0,0.0,36,subcategory,02-01-2024,,,
,0.8472243548387101,0.0,37,subcategory,02-01-2024,,,
,0.0,0.0,38,subcategory,02-01-2024,,,
2.431289,2.57468482031948,2.580001,39,subcategory,02-01-2024,,,
5.122135,6.629293774592182,6.088141,40,subcategory,02-01-2024,,,
0.0,0.0,0.0,41,subcategory,02-01-2024,,,
0.0,0.0,0.0,42,subcategory,02-01-2024,,,
0.0,0.0,0.0,43,subcategory,02-01-2024,,,
0.018711,0.030748471049678983,0.043774,44,subcategory,02-01-2024,,,
1.685151,2.3187874838256497,2.292184,45,subcategory,02-01-2024,,,
2.908919,1.1827604849495919,0.8763560000000001,46,subcategory,02-01-2024,,,
-1.168141,15.0585442181748,3.917584,47,subcategory,02-01-2024,,,
0.0,0.0,0.0,48,subcategory,02-01-2024,,,
0.0,0.0,0.0,49,subcategory,02-01-2024,,,
0.0,0.0,0.0,50,subcategory,02-01-2024,,,
0.0,0.0,0.0,51,subcategory,02-01-2024,,,
0.0,0.0,0.0,52,subcategory,02-01-2024,,,
0.0,0.0,0.0,53,subcategory,02-01-2024,,,
0.755332,0.5842723548387097,1.003459,54,subcategory,02-01-2024,,,
0.0,0.0,0.0,55,subcategory,02-01-2024,,,
14.638469016949038,15.495316169501553,21.193844805084705,56,subcategory,02-01-2024,,,
19.168755042373,25.56291201250331,26.122534118644097,57,subcategory,02-01-2024,,,
0.0,0.0,0.0,58,subcategory,02-01-2024,,,
0.0,0.0,0.0,59,subcategory,02-01-2024,,,
0.0,0.0,0.0,60,subcategory,02-01-2024,,,
0.49493844915254237,0.3969487953316323,0.028906771186440694,61,subcategory,02-01-2024,,,
2.0851914915254195,2.360900929777502,2.3119613050847505,62,subcategory,02-01-2024,,,
0.92865,2.0989605044929154,1.514521,63,subcategory,02-01-2024,,,
-0.123207,0.03599576924289588,-0.094814,64,subcategory,02-01-2024,,,
0.130724,0.050642049930832336,0.167176,65,subcategory,02-01-2024,,,
0.0,0.0,0.0,66,subcategory,02-01-2024,,,
4.2e-05,1.3155359554448384e-05,0.000171,67,subcategory,02-01-2024,,,
0.039159,0.02512903893691844,0.005192,68,subcategory,02-01-2024,,,
0.104585,0.08911909638288032,0.110576,69,subcategory,02-01-2024,,,
0.0,0.0638986,0.0,70,subcategory,02-01-2024,,,
1.209325,0.9648187741935482,1.035595,71,subcategory,02-01-2024,,,
11.963788,9.998836096774193,11.144674,72,subcategory,02-01-2024,,,
0.0,0.0,0.0,73,subcategory,02-01-2024,,,
0.018517,0.0,0.012034,74,subcategory,02-01-2024,,,
0.0,0.0,0.0,75,subcategory,02-01-2024,,,
0.0,0.0,0.0,76,subcategory,02-01-2024,,,
0.0,0.0,0.0,77,subcategory,02-01-2024,,,
4254.946443999999,3594.5775855893667,4361.541667111016,160,type,03-01-2024,,,
32.80881,12.481816042998885,11.670768,161,type,03-01-2024,,,
20.542765,20.962077034869875,21.883454,162,type,03-01-2024,,,
179.76998,187.58977264338878,165.455095,163,type,03-01-2024,,,
1.113691,2.072020578064949,1.3596489999999999,164,type,03-01-2024,,,
28.156465,27.59622259215112,25.777927,165,type,03-01-2024,,,
53.93005000000382,60.849524123826406,58.782084999999995,166,type,03-01-2024,,,
,,0.0,167,type,03-01-2024,,,
,,0.0,168,type,03-01-2024,,,
247.639007,227.65045105619205,275.3433460000001,169,type,03-01-2024,,,
0.053172,0.03302571685366643,0.030176,170,type,03-01-2024,,,
0.590692,0.4184283018926155,0.707352,171,type,03-01-2024,,,
3.881655,3.5442051664465075,3.596388,172,type,03-01-2024,,,
23.0374,-9.234761500000001,-12.02605,1,category,03-01-2024,,,
4102.65626,3550.6932413096997,4338.970948111017,2,category,03-01-2024,,,
5.716984,6.110910433454812,7.3586409999999995,3,category,03-01-2024,,,
4052.431802,4299.6847847231775,3528.247389,4,category,03-01-2024,,,
123.5358,47.008195346212304,27.238128000000003,5,category,03-01-2024,,,
1.110496,1.2020970971645653,1.357152,6,category,03-01-2024,,,
0.003195,0.022698126061673887,0.002497,7,category,03-01-2024,,,
1.268029,1.4040809178400808,1.703479,8,category,03-01-2024,,,
0.0,0.8472253548387101,0.0,9,category,03-01-2024,,,
14.021206000000001,11.889025391873975,15.696708999999998,10,category,03-01-2024,,,
13.354556,15.082630200277144,9.224256,11,category,03-01-2024,,,
30.024749,37.60189054409002,46.919579,12,category,03-01-2024,,,
0.780703,0.624567,0.856962,13,category,03-01-2024,,,
40.959410999999996,48.84121817080316,57.771066,14,category,03-01-2024,,,
0.123513,0.22023155302324499,0.0,15,category,03-01-2024,,,
95.365096,127.8412849025098,102.523544,16,category,03-01-2024,,,
12.847126000003815,11.7880744,1.011019,17,category,03-01-2024,,,
,0.0,0.0,18,category,03-01-2024,,,
,0.0,0.0,19,category,03-01-2024,,,
,0.0,0.0,20,category,03-01-2024,,,
126.65787399999999,166.8472563644399,151.146602,21,category,03-01-2024,,,
1922.764475,1715.0408620081157,2070.5017081110163,1,subcategory,03-01-2024,,,
1893.38329,1553.5889059902615,1979.635397,2,subcategory,03-01-2024,,,
0.0,0.0,0.0,3,subcategory,03-01-2024,,,
0.0,0.0,0.0,4,subcategory,03-01-2024,,,
0.0,52.73836542029177,0.0,5,subcategory,03-01-2024,,,
85.784432,41.746647973564556,37.843572,6,subcategory,03-01-2024,,,
185.649059,168.01370792023098,230.087494,7,subcategory,03-01-2024,,,
15.075004,19.564751997235224,20.902777,8,subcategory,03-01-2024,,,
1.791167,1.6319679041808788,2.234385,9,subcategory,03-01-2024,,,
1.648988,1.6054206773256912,2.448212,10,subcategory,03-01-2024,,,
0.0,0.0,0.0,11,subcategory,03-01-2024,,,
0.0,0.0,0.0,12,subcategory,03-01-2024,,,
0.120348,0.5045816050089699,0.0,13,subcategory,03-01-2024,,,
2.156481,2.3689402469392724,2.676044,14,subcategory,03-01-2024,,,
0.608177,0.6696927967231555,0.5612919999999999,15,subcategory,03-01-2024,,,
9.064503782041218,9.835464583828923,26.676836,16,subcategory,03-01-2024,,,
0.0,0.0,0.0,17,subcategory,03-01-2024,,,
0.0,0.0,0.0,18,subcategory,03-01-2024,,,
0.0,0.0,0.0,19,subcategory,03-01-2024,,,
113.86311921795878,36.503037965660226,0.0,20,subcategory,03-01-2024,,,
0.0,0.0,0.0,21,subcategory,03-01-2024,,,
0.203561,0.27666581154511655,0.284201,22,subcategory,03-01-2024,,,
0.512307,0.6590593618564361,0.45869,23,subcategory,03-01-2024,,,
0.0,0.0,0.0,24,subcategory,03-01-2024,,,
0.0,0.0,0.0,25,subcategory,03-01-2024,,,
0.013419,0.004937125302426433,-0.008004,26,subcategory,03-01-2024,,,
-0.001506,0.009569171163628189,0.009582,27,subcategory,03-01-2024,,,
0.202708,0.19052990945597037,0.270566,28,subcategory,03-01-2024,,,
0.180007,0.06133571784098767,0.342117,29,subcategory,03-01-2024,,,
0.003195,0.005175687698664827,0.002497,30,subcategory,03-01-2024,,,
0.0,0.0,0.0,31,subcategory,03-01-2024,,,
0.0,0.0,0.0,32,subcategory,03-01-2024,,,
0.0,0.0,0.0,33,subcategory,03-01-2024,,,
0.0,0.0,0.0,34,subcategory,03-01-2024,,,
0.0,0.017522438363009058,0.0,35,subcategory,03-01-2024,,,
,0.0,0.0,36,subcategory,03-01-2024,,,
,0.8472253548387101,0.0,37,subcategory,03-01-2024,,,
,0.0,0.0,38,subcategory,03-01-2024,,,
3.004283,2.402945301407388,2.868185,39,subcategory,03-01-2024,,,
6.123173,6.186454146561807,7.212172,40,subcategory,03-01-2024,,,
0.0,0.0,0.0,41,subcategory,03-01-2024,,,
0.0,0.0,0.0,42,subcategory,03-01-2024,,,
0.0,0.0,0.0,43,subcategory,03-01-2024,,,
0.043003,0.028667054322297283,0.091693,44,subcategory,03-01-2024,,,
1.409207,2.00460643328431,2.270516,45,subcategory,03-01-2024,,,
3.44154,1.2663524562981745,3.254143,46,subcategory,03-01-2024,,,
13.354556,15.082630200277144,9.224256,47,subcategory,03-01-2024,,,
0.0,0.0,0.0,48,subcategory,03-01-2024,,,
0.0,0.0,0.0,49,subcategory,03-01-2024,,,
0.0,0.0,0.0,50,subcategory,03-01-2024,,,
0.0,0.0,0.0,51,subcategory,03-01-2024,,,
0.0,0.0,0.0,52,subcategory,03-01-2024,,,
0.0,0.0,0.0,53,subcategory,03-01-2024,,,
0.780703,0.624567,0.856962,54,subcategory,03-01-2024,,,
0.0,0.0,0.0,55,subcategory,03-01-2024,,,
15.280499,17.027102138449933,23.384532,56,subcategory,03-01-2024,,,
20.309874,27.833836733669134,28.650976,57,subcategory,03-01-2024,,,
0.0,0.0,0.0,58,subcategory,03-01-2024,,,
0.0,0.0,0.0,59,subcategory,03-01-2024,,,
0.0,0.0,0.0,60,subcategory,03-01-2024,,,
0.847077,0.42630201641234916,0.502049,61,subcategory,03-01-2024,,,
2.277933,1.8430435553804008,2.707411,62,subcategory,03-01-2024,,,
2.244028,1.7109337268913487,2.526098,63,subcategory,03-01-2024,,,
0.019379,0.03937130922003102,0.0,64,subcategory,03-01-2024,,,
0.026522,0.053916019351828944,0.0,65,subcategory,03-01-2024,,,
0.0,0.0,0.0,66,subcategory,03-01-2024,,,
2.5e-05,1.4005843390752514e-05,0.0,67,subcategory,03-01-2024,,,
0.001486,0.026753611898930683,0.0,68,subcategory,03-01-2024,,,
0.076101,0.10017660670906357,0.0,69,subcategory,03-01-2024,,,
0.0,0.0683054,0.0,70,subcategory,03-01-2024,,,
1.222884,1.0313579999999998,1.011019,71,subcategory,03-01-2024,,,
11.417948000003815,10.688411,0.0,72,subcategory,03-01-2024,,,
0.0,0.0,0.0,73,subcategory,03-01-2024,,,
0.206294,0.0,0.0,74,subcategory,03-01-2024,,,
0.0,0.0,0.0,75,subcategory,03-01-2024,,,
0.0,0.0,0.0,76,subcategory,03-01-2024,,,
0.0,0.0,0.0,77,subcategory,03-01-2024,,,
3646.62631,3520.827927403998,3872.276310542373,160,type,04-01-2024,3827.8289122625188,,
10.199999,12.566115002768818,10.942375,161,type,04-01-2024,10.32118234592128,,
20.468296,21.001131291754547,22.732628,162,type,04-01-2024,19.576880731498317,,
178.998198,188.37201725113854,168.919464,163,type,04-01-2024,179.24884166697257,,
0.9802909999999999,2.041254310716815,1.7076810000000002,164,type,04-01-2024,2.128962044428084,,
28.03404799999988,28.44214115836959,46.270448,165,type,04-01-2024,26.431060680913543,,
45.85048400000001,57.081325390729695,74.54396500000001,166,type,04-01-2024,46.44898629806656,,
,,0.0,167,type,04-01-2024,,,
,,0.0,168,type,04-01-2024,,,
220.401118,222.8450537351615,250.993583,169,type,04-01-2024,232.30304301586605,,
0.060651,0.03232858802937718,0.066662,170,type,04-01-2024,0.06293036343308435,,
0.527022,0.40959583865070515,0.59225,171,type,04-01-2024,0.8313186123338746,,
3.791909,3.469391723587039,4.491803,172,type,04-01-2024,4.867337701003988,,
49.439702,-9.234761500000001,-6.001977,1,category,04-01-2024,-16.0,,
3430.7072479999997,3478.2741843386525,3836.0266939999997,2,category,04-01-2024,3690.7931509116906,,
7.933409000000001,5.6546612162803065,7.9244769999999995,3,category,04-01-2024,5.448842607810735,,
3953.154397,4217.014317150867,3373.684705,4,category,04-01-2024,3895.977689709268,,
158.545951,46.13384334906522,34.32711654237279,5,category,04-01-2024,147.58691874301758,,
0.9754959999999999,1.1711765325390848,1.7037330000000002,6,category,04-01-2024,1.2785406895893738,,
0.004795,0.022851423339019936,0.003948,7,category,04-01-2024,0.003195,,
1.098789,1.3770845141968138,0.490362,8,category,04-01-2024,1.065384468842912,,
0.0,0.84722635483871,0.0,9,category,04-01-2024,0.84722635483871,,
11.99172899999988,12.726990968220358,14.431151999999999,10,category,04-01-2024,12.411933357922504,,
15.256004,15.110730512729878,30.916675,11,category,04-01-2024,13.263608290732975,,
30.822782,36.878915249731804,0.253599,12,category,04-01-2024,22.063847167513206,,
0.786315,0.6044196774193549,0.922621,13,category,04-01-2024,0.7555190322580645,,
31.368341000000008,45.47513785354691,50.59700600000001,14,category,04-01-2024,33.20457759589342,,
0.395721,0.1983736016989103,0.40345200000000003,15,category,04-01-2024,0.11046637959249474,,
107.560121,125.38326778565363,100.104071,16,category,04-01-2024,105.51976462043143,,
14.086422,11.40781393548387,23.543507,17,category,04-01-2024,13.133942322580644,,
,0.0,0.0,18,category,04-01-2024,0.0,,
,0.0,0.0,19,category,04-01-2024,0.0,,
,0.0,0.0,20,category,04-01-2024,0.0,,
139.481692,163.63926754958226,100.848032,21,category,04-01-2024,128.64899625678754,,
1650.8071362881353,1649.6096330445228,1809.5379344406776,1,subcategory,04-01-2024,1741.4047850247937,,
1473.7100279491526,1553.6586736995591,1774.057103347458,2,subcategory,04-01-2024,1683.3432810822942,,
0.0,0.0,0.0,3,subcategory,04-01-2024,0.0,,
0.0,0.0,0.0,4,subcategory,04-01-2024,0.0,,
0.0,59.58616561696006,0.0,5,subcategory,04-01-2024,0.0,,
95.49260258474577,41.92642782126022,30.50880458474576,6,subcategory,04-01-2024,76.26804778057429,,
203.7129071779661,156.50034387038798,208.06539262711865,7,subcategory,04-01-2024,172.7840967380666,,
6.984574,16.99294028596196,13.857459,8,subcategory,04-01-2024,16.99294028596196,,
2.0827620000000007,1.5461973074816575,2.320826,9,subcategory,04-01-2024,1.7563568048446332,,
1.774768,1.518813462195859,1.717896,10,subcategory,04-01-2024,1.4346678571946934,,
0.0,0.0,0.0,11,subcategory,04-01-2024,0.0,,
0.004004,0.0,0.006517,12,subcategory,04-01-2024,0.000846422543533441,,
0.720278,0.47596625309926716,0.721824,13,subcategory,04-01-2024,0.25789807690019123,,
3.351597,2.1136841935035235,3.157414,14,subcategory,04-01-2024,1.9990734463276836,,
0.446823,0.6513302522968755,5.317945288135598,15,subcategory,04-01-2024,0.5032899077068425,,
8.191012711864408,9.803737278719797,10.7100542372881,16,subcategory,04-01-2024,4.3337443367231625,,
0.0,0.0,0.0,17,subcategory,04-01-2024,0.0,,
0.0,0.0,0.0,18,subcategory,04-01-2024,0.0,,
0.0,0.0,0.0,19,subcategory,04-01-2024,0.0,,
149.9081152881356,35.67877581804855,18.299117016949097,20,subcategory,04-01-2024,142.74988449858756,,
0.0,0.0,0.0,21,subcategory,04-01-2024,0.0,,
0.230471,0.2695493621952928,0.233615,22,subcategory,04-01-2024,0.27584375530464145,,
0.47955,0.6419869994595538,0.455058,23,subcategory,04-01-2024,0.5360012583764734,,
0.0,0.0,0.0,24,subcategory,04-01-2024,0.0,,
0.0,0.0,0.0,25,subcategory,04-01-2024,0.0,,
0.015962,0.004854278441020077,0.008743,26,subcategory,04-01-2024,0.029439448842699115,,
0.00957,0.009398799554289473,0.012301,27,subcategory,04-01-2024,0.008937231358781163,,
0.08864,0.18562906376528837,0.199023,28,subcategory,04-01-2024,0.25521165249969174,,
0.151303,0.059758029123640345,0.794993,29,subcategory,04-01-2024,0.17310734320708682,,
0.004795,0.00521064295578354,0.003948,30,subcategory,04-01-2024,0.003195,,
0.0,0.0,0.0,31,subcategory,04-01-2024,0.0,,
0.0,0.0,0.0,32,subcategory,04-01-2024,0.0,,
0.0,0.0,0.0,33,subcategory,04-01-2024,0.0,,
0.0,0.0,0.0,34,subcategory,04-01-2024,0.0,,
0.0,0.017640780383236396,0.0,35,subcategory,04-01-2024,0.0,,
,0.0,0.0,36,subcategory,04-01-2024,0.0,,
,0.84722635483871,0.0,37,subcategory,04-01-2024,0.84722635483871,,
,0.0,0.0,38,subcategory,04-01-2024,0.0,,
3.037155,2.562582094045386,3.287944,39,subcategory,04-01-2024,2.376131931866773,,
6.600579,6.5981156505596195,7.014258,40,subcategory,04-01-2024,6.086381366618736,,
0.0,0.0,0.0,41,subcategory,04-01-2024,0.0,,
0.0,0.0,0.0,42,subcategory,04-01-2024,0.0,,
0.0,0.0,0.0,43,subcategory,04-01-2024,0.0,,
0.027975,0.03061997936105976,0.056028,44,subcategory,04-01-2024,0.03321643389339929,,
1.62443,2.307887644752899,1.946577,45,subcategory,04-01-2024,1.6083631928524873,,
0.7015899999998803,1.2277855995013927,2.126345,46,subcategory,04-01-2024,2.30784043269111,,
15.256004,15.110730512729878,30.916675,47,subcategory,04-01-2024,13.263606304353749,,
0.0,0.0,0.0,48,subcategory,04-01-2024,0.0,,
0.0,0.0,0.0,49,subcategory,04-01-2024,0.0,,
0.0,0.0,0.0,50,subcategory,04-01-2024,0.0,,
0.0,0.0,0.0,51,subcategory,04-01-2024,0.0,,
0.0,0.0,0.0,52,subcategory,04-01-2024,1.9863792258392937e-06,,
0.0,0.0,0.0,53,subcategory,04-01-2024,0.0,,
0.786315,0.6044196774193549,0.922621,54,subcategory,04-01-2024,0.7555190322580645,,
0.0,0.0,0.0,55,subcategory,04-01-2024,0.0,,
12.324318686440556,15.587672619814633,20.411975822033796,56,subcategory,04-01-2024,11.916305102940589,,
16.899486186440804,25.67938753458275,26.0430135762713,57,subcategory,04-01-2024,17.10545547692825,,
0.0,0.0,0.0,58,subcategory,04-01-2024,0.0,,
0.0,0.0,0.0,59,subcategory,04-01-2024,0.0,,
0.0,0.0,0.0,60,subcategory,04-01-2024,0.0,,
0.26969679661016943,0.3971855420137573,0.22307668644067796,61,subcategory,04-01-2024,0.5644360442444828,,
2.0546623305084797,1.6226780226908073,2.2834749152542306,62,subcategory,04-01-2024,1.303608626288469,,
-0.179823,2.188214134444962,1.635465,63,subcategory,04-01-2024,2.3147723454916243,,
-0.193823,0.03472404301144871,-0.252082,64,subcategory,04-01-2024,0.016781361190571525,,
0.244152,0.04685276525644283,0.32885,65,subcategory,04-01-2024,0.022629193274231737,,
0.0,0.0,0.0,66,subcategory,04-01-2024,0.0,,
0.000121,1.2171011519291042e-05,2.7e-05,67,subcategory,04-01-2024,2.1330587129771265e-05,,
0.10394,0.023248761928861765,0.084089,68,subcategory,04-01-2024,0.0012678900989936037,,
0.241331,0.0935358604906377,0.242568,69,subcategory,04-01-2024,0.0697666044415681,,
0.0,0.066102,0.0,70,subcategory,04-01-2024,0.06610199999999998,,
1.198307,0.998088387096774,1.04407,71,subcategory,04-01-2024,1.183436129032258,,
13.065172,10.343623548387097,22.210517,72,subcategory,04-01-2024,11.884404193548386,,
0.0,0.0,0.0,73,subcategory,04-01-2024,0.0,,
-0.177057,0.0,0.28892,74,subcategory,04-01-2024,0.0,,
0.0,0.0,0.0,75,subcategory,04-01-2024,0.0,,
0.0,0.0,0.0,76,subcategory,04-01-2024,0.0,,
0.0,0.0,0.0,77,subcategory,04-01-2024,0.0,,
3632.2772509999995,3640.5852669647875,4056.23782,160,type,05-01-2024,3911.666038290894,,
12.206783,12.662456671077312,11.3928,161,type,05-01-2024,11.353780217887387,,
19.646177,21.045764728194165,20.690139,162,type,05-01-2024,19.621514167937942,,
179.053578,189.26601108856684,172.134088,163,type,05-01-2024,179.14283550440092,,
1.1474099999999998,2.089748186071738,1.0577379999999998,164,type,05-01-2024,2.2420566376010536,,
17.649447999999882,28.72880516294061,19.164318,165,type,05-01-2024,28.990524000909907,,
47.308756,57.09729573747282,64.942329,166,type,05-01-2024,51.86377716829145,,
,,0,167,type,05-01-2024,549.7270023707507,,
,,0,168,type,05-01-2024,,,
204.85208999999975,224.65394940810916,254.535597,169,type,05-01-2024,228.87771743308878,,
0.024951,0.032591008226813316,0.036926,170,type,05-01-2024,0.06200245056116345,,
0.542109,0.4129206427142189,0.467844,171,type,05-01-2024,0.819060757794829,,
3.60801,3.4975537472504197,3.96277,172,type,05-01-2024,4.795568445936044,,
-29.696997,-9.234761500000001,-8.502836,1,category,05-01-2024,-23.7877095,,
3553.637108,3595.6017182971477,4029.428903,2,category,05-01-2024,3778.068616794931,,
6.759830999999999,5.870710294875336,7.537389,3,category,05-01-2024,5.288028607667689,,
3847.044619,4457.80583466018,3618.775662,4,category,05-01-2024,4097.388107165781,,
101.577309,48.34759987276442,27.774364,5,category,05-01-2024,152.09710238829499,,
1.1429749999999999,1.2194942110056126,1.0452689999999998,6,category,05-01-2024,1.3237974284264538,,
0.004435,0.023026620227415414,0.012469,7,category,05-01-2024,0.07103285433588981,,
1.281738,1.4557160399574516,1.986995,8,category,05-01-2024,0.581953761642489,,
0.0,0.84722735483871,0,9,category,05-01-2024,0.84722635483871,,
7.81570099999988,12.961393007407612,12.307779,10,category,05-01-2024,14.917442537217807,,
9.063024,15.142845155533,5.962194,11,category,05-01-2024,13.292378463692101,,
58.595228000000205,38.984701310491474,35.597372,12,category,05-01-2024,37.949833357351366,,
0.770723,0.624567,0.894345,13,category,05-01-2024,0.7807029999999999,,
34.682959999999994,45.11723170047724,52.854865,14,category,05-01-2024,38.19077820983903,,
0.288625,0.19198963699558186,0.20530899999999996,15,category,05-01-2024,0.10125855845241513,,
105.527106,132.54265237621442,94.637515,16,category,05-01-2024,130.99330454396417,,
12.337171000000001,11.7880744,11.882155,17,category,05-01-2024,13.571740400000001,,
,0.0,0,18,category,05-01-2024,0.0,,
,0.0,0,19,category,05-01-2024,0.0,,
,0.0,0,20,category,05-01-2024,0.0,,
165.40407200000018,172.98306972666336,132.221882,21,category,05-01-2024,139.52509166295803,,
1664.9536303898303,1697.4400530471546,1954.4456080508476,1,subcategory,05-01-2024,1772.1373754936396,,
1604.8697476525424,1610.5682958718592,1810.4098539745764,2,subcategory,05-01-2024,1733.952104688136,,
0.0,0.0,0,3,subcategory,05-01-2024,0.0,,
0.0,0.0,0,4,subcategory,05-01-2024,0.0,,
0.0,68.92568603177294,0,5,subcategory,05-01-2024,0.0,,
98.01418958474576,43.64816889069128,38.98000751694916,6,subcategory,05-01-2024,78.56100621648366,,
175.29465437288135,157.8931791735971,208.32301345762713,7,subcategory,05-01-2024,176.2917951145987,,
10.504886,17.126335282072777,17.27042,8,subcategory,05-01-2024,17.126335282072777,,
1.77121,1.5818347429047408,2.012312,9,subcategory,05-01-2024,1.5203268391608467,,
1.705125,1.5881755794740906,1.973216,10,subcategory,05-01-2024,1.6476657013919287,,
0.0,0.0,0,11,subcategory,05-01-2024,0.0,,
0.001928,0.0,0.002326,12,subcategory,05-01-2024,0.0004906537300976187,,
0.461819,0.49843223537895565,0.458186,13,subcategory,05-01-2024,0.20905362408445693,,
2.819749,2.202267737117548,3.091349,14,subcategory,05-01-2024,1.9104917893003592,,
0.479301,0.676406467010305,0.766059,15,subcategory,05-01-2024,0.5226665691535558,,
7.610114406779662,10.434444376984105,10.3257203389831,16,subcategory,05-01-2024,4.61254855571902,,
0.0,0.0,0,17,subcategory,05-01-2024,0.0,,
0.0,0.0,0,18,subcategory,05-01-2024,0.0,,
0.0,0.0,0,19,subcategory,05-01-2024,0.0,,
93.48789359322033,37.23674902877001,16.6825846610169,20,subcategory,05-01-2024,146.9618872634224,,
0.0,0.0,0,21,subcategory,05-01-2024,0.0,,
0.255199,0.2806698030951579,0.307214,22,subcategory,05-01-2024,0.2856078472066918,,
0.489614,0.6685478514095226,0.758211,23,subcategory,05-01-2024,0.5483538312989386,,
0.0,0.0,0,24,subcategory,05-01-2024,0.0,,
0.0,0.0,0,25,subcategory,05-01-2024,0.0,,
0.053982,0.005047302474262058,0.014133,26,subcategory,05-01-2024,0.03480973394548954,,
0.012359,0.009718550969137334,0.016432,27,subcategory,05-01-2024,0.011545734370108205,,
0.08041,0.19328731610202946,0.23759,28,subcategory,05-01-2024,0.26424542608187446,,
0.251411,0.06222338695550342,-0.288311,29,subcategory,05-01-2024,0.17923485552335108,,
0.004435,0.005250591821062067,0.012469,30,subcategory,05-01-2024,0.0031812949685129286,,
0.0,0.0,0,31,subcategory,05-01-2024,0.0,,
0.0,0.0,0,32,subcategory,05-01-2024,0.0,,
0.0,0.0,0,33,subcategory,05-01-2024,0.0,,
0.0,0.0,0,34,subcategory,05-01-2024,0.0,,
0.0,0.017776028406353346,0,35,subcategory,05-01-2024,0.06785155936737688,,
,0.0,0,36,subcategory,05-01-2024,0.0,,
,0.84722735483871,0,37,subcategory,05-01-2024,0.84722635483871,,
,0.0,0,38,subcategory,05-01-2024,0.0,,
2.085653,2.5988949012320246,2.274304,39,subcategory,05-01-2024,3.2212798313275224,,
4.992635,6.718554577414851,5.295973,40,subcategory,05-01-2024,6.603486319798482,,
0.0,0.0,0,41,subcategory,05-01-2024,0.0,,
0.0,0.0,0,42,subcategory,05-01-2024,0.0,,
0.0,0.0,0,43,subcategory,05-01-2024,0.0,,
0.023225,0.0311580283211562,0.030856,44,subcategory,05-01-2024,0.03538692699102538,,
1.081674,2.3413773373129825,1.750936,45,subcategory,05-01-2024,1.6317734534093207,,
-0.3674860000001199,1.2714081631265985,2.95571,46,subcategory,05-01-2024,3.4255160056914575,,
9.063024,15.142845155533,5.962194,47,subcategory,05-01-2024,13.292376473004207,,
0.0,0.0,0,48,subcategory,05-01-2024,0.0,,
0.0,0.0,0,49,subcategory,05-01-2024,0.0,,
0.0,0.0,0,50,subcategory,05-01-2024,0.0,,
0.0,0.0,0,51,subcategory,05-01-2024,0.0,,
0.0,0.0,0,52,subcategory,05-01-2024,1.990687893031293e-06,,
0.0,0.0,0,53,subcategory,05-01-2024,0.0,,
0.770723,0.624567,0.894345,54,subcategory,05-01-2024,0.7807029999999999,,
0.0,0.0,0,55,subcategory,05-01-2024,0.0,,
12.863224245762801,15.620716451858005,21.02475289830517,56,subcategory,05-01-2024,14.944408098752321,,
18.067753322033802,25.7134572403116,27.0743526101694,57,subcategory,05-01-2024,19.11329630343773,,
0.0,0.0,0,58,subcategory,05-01-2024,0.0,,
0.0,0.0,0,59,subcategory,05-01-2024,0.0,,
0.0,0.0,0,60,subcategory,05-01-2024,0.0,,
0.602296313559322,0.3981652805775277,0.3974658898305085,61,subcategory,05-01-2024,0.5783984162363596,,
1.9978611186440702,1.658670678614395,2.5674166016949203,62,subcategory,05-01-2024,1.3322104205338945,,
1.151825,1.7262220491157114,1.790877,63,subcategory,05-01-2024,2.2224649708787227,,
-0.157901,0.029160964398865726,-0.130064,64,subcategory,05-01-2024,0.01408953206131177,,
0.137445,0.056566039222660645,0.153047,65,subcategory,05-01-2024,0.027314131848108873,,
0.0,0.0,0,66,subcategory,05-01-2024,0.0,,
2.5e-05,1.4694242937667357e-05,1.1e-05,67,subcategory,05-01-2024,2.5746674315765095e-05,,
0.102437,0.028068575503458745,0.063018,68,subcategory,05-01-2024,0.0015303823213290771,,
0.206619,0.07817936362765908,0.119297,69,subcategory,05-01-2024,0.05829876554734964,,
0.0,0.0683054,0,70,subcategory,05-01-2024,0.06830539999999999,,
1.205087,1.0313579999999998,1.031358,71,subcategory,05-01-2024,1.222884,,
11.114076,10.688411,10.825013,72,subcategory,05-01-2024,12.280551,,
0.0,0.0,0,73,subcategory,05-01-2024,0.0,,
0.018008,0.0,0.025784,74,subcategory,05-01-2024,0.0,,
0.0,0.0,0,75,subcategory,05-01-2024,0.0,,
0.0,0.0,0,76,subcategory,05-01-2024,0.0,,
0.0,0.0,0,77,subcategory,05-01-2024,0.0,,
3512.5074350000077,3426.5861210697153,3846.9391753398245,160,type,06-01-2024,3748.815007199743,3511.428083,
10.050426,12.758798339385809,11.327545,161,type,06-01-2024,16.38637808985349,10.050426,
12.677695,21.09039816463379,22.07574,162,type,06-01-2024,20.66614760437756,12.677695,
188.719978,190.16000492599514,171.599599,163,type,06-01-2024,200.03682934182922,188.719978,
1.1028580000000001,2.059565015555332,1.458631,164,type,06-01-2024,2.202050680008596,1.1028580000000001,
14.632882,28.753941604409285,17.618440117804738,165,type,06-01-2024,28.9419864134288,10.841206,
36.954038,56.66780691215461,61.916898,166,type,06-01-2024,51.00864508698043,36.954038,
,,0.0,167,type,06-01-2024,,,
,,0.0,168,type,06-01-2024,,,
226.20057700000024,220.846360956414,248.33314,169,type,06-01-2024,224.9485941605,219.216425,
0.036058,0.03203863357735596,0.070328,170,type,06-01-2024,0.06093806004648339,0.036058,
0.532917,0.4059221818600585,0.675046,171,type,06-01-2024,0.8050000151362228,0.532917,
4.348514,3.438274819404725,5.198811,172,type,06-01-2024,4.713243352005796,4.348514,
-23.376885,-9.234761500000001,-10.024867059322432,1,category,06-01-2024,-23.7877095,-23.376885,
3445.021300000008,3382.4253131259984,3827.131914399147,2,category,06-01-2024,3620.452695156446,3443.941948,
5.1425279999999995,5.941005514655397,6.244913,3,category,06-01-2024,5.349580680408102,5.1425279999999995,
3597.246024,4414.737678289835,3524.143752,4,category,06-01-2024,4049.469153252477,3597.246024,
85.720492,47.45456392906132,23.587214999999958,5,category,06-01-2024,146.80044086288854,85.720492,
1.098246,1.189134843600811,1.45924,6,category,06-01-2024,1.2836478815586005,1.098246,
0.004612,0.0232018171158109,-0.000609,7,category,06-01-2024,0.07117444361128535,0.004612,
1.281131,1.4416519446681852,1.157621,8,category,06-01-2024,2.5517578124000804,1.281131,
0.0,0.8472283548387101,0.0,9,category,06-01-2024,0.8472283548387101,0.0,
11.70411,12.974562128653808,10.54015211780474,10,category,06-01-2024,14.865318744519517,7.912433999999999,
2.138726,15.174959798336122,6.174628,11,category,06-01-2024,13.321148636651222,2.138726,
31.950957,38.60805879299173,31.001588,12,category,06-01-2024,38.60805879299173,31.950957,
0.790046,0.6044196774193549,0.90366,13,category,06-01-2024,0.7555190322580645,0.790046,
31.916612999999998,45.06965857701694,49.547076000000004,14,category,06-01-2024,37.77710397484947,31.916612999999998,
0.110912,0.19033439965379667,0.13217,15,category,06-01-2024,0.09759878955031735,0.110912,
87.339193,131.26211933148292,105.401159,16,category,06-01-2024,129.4613378473225,87.339193,
4.926513,11.40781393548387,12.237652,17,category,06-01-2024,13.133942322580644,4.926513,
,0.0,0.0,18,category,06-01-2024,0.0,0.0,
,0.0,0.0,19,category,06-01-2024,0.0,0.0,
,0.0,0.0,20,category,06-01-2024,0.0,0.0,
120.571281,171.31183006914284,137.560368,21,category,06-01-2024,137.89334571595973,120.571281,
1501.6099170000077,1594.7784539003806,1743.3705483991469,1,subcategory,06-01-2024,1721.0811758613922,1500.530565,
1653.418474,1504.0995344040314,1815.210339,2,subcategory,06-01-2024,1634.4733987359755,1653.418474,
0.0,0.0,0.0,3,subcategory,06-01-2024,0.0,0.0,
0.0,0.0,0.0,4,subcategory,06-01-2024,0.0,0.0,
113.555211,71.11051165560782,0.0,5,subcategory,06-01-2024,0.0,113.555211,
0.227044,40.93794611326558,46.206948,6,subcategory,06-01-2024,74.05387639693133,0.227044,
155.605553,152.21668679842193,198.275581,7,subcategory,06-01-2024,171.5620639078561,155.605553,
20.605101,19.282180254291056,24.068498,8,subcategory,06-01-2024,19.282180254291056,20.605101,
1.472297,1.5692968253870325,1.745457,9,subcategory,06-01-2024,1.5082764447723949,1.472297,
1.59514,1.6473198704808558,1.949706,10,subcategory,06-01-2024,1.6691690341314833,1.59514,
0.0,0.0,0.0,11,subcategory,06-01-2024,0.0,0.0,
0.0,0.0,0.0,12,subcategory,06-01-2024,0.0007420662337211148,0.0,
0.153961,0.5166158417526859,0.0,13,subcategory,06-01-2024,0.25612548902831317,0.153961,
1.92113,2.2077729770348227,2.54975,14,subcategory,06-01-2024,1.9152676462421896,1.92113,
78.39021,0.6578598380761514,0.761695,15,subcategory,06-01-2024,0.5083353890316032,78.39021,
7.2975,10.400784878993834,9.33447336561746,16,subcategory,06-01-2024,4.597669366829604,7.2975,
0.0,0.0,0.0,17,subcategory,06-01-2024,0.0,0.0,
0.0,0.0,0.0,18,subcategory,06-01-2024,0.0,0.0,
0.0,0.0,0.0,19,subcategory,06-01-2024,0.0,0.0,
0.03278200000000009,36.395919211991334,13.4910466343825,20,subcategory,06-01-2024,141.69443610702731,0.03278200000000009,
0.0,0.0,0.0,21,subcategory,06-01-2024,0.0,0.0,
0.16729,0.27368251476307737,0.332475,22,subcategory,06-01-2024,0.27694562638572984,0.16729,
0.537338,0.6518960103653832,0.833415,23,subcategory,06-01-2024,0.5441736856341649,0.537338,
0.0,0.0,0.0,24,subcategory,06-01-2024,0.0,0.0,
0.0,0.0,0.0,25,subcategory,06-01-2024,0.0,0.0,
0.055679,0.004911416197259591,0.002974,26,subcategory,06-01-2024,0.02620137071120457,0.055679,
0.002981,0.009495150536536472,0.001002,27,subcategory,06-01-2024,0.006297262395133993,0.002981,
0.012866,0.18847541901283327,0.205769,28,subcategory,06-01-2024,0.2562311076587749,0.012866,
0.322092,0.06067433272572112,0.083605,29,subcategory,06-01-2024,0.17379882877359265,0.322092,
0.004612,0.005290540686340595,-0.000609,30,subcategory,06-01-2024,0.0031876362207915033,0.004612,
0.0,0.0,0.0,31,subcategory,06-01-2024,0.0,0.0,
0.0,0.0,0.0,32,subcategory,06-01-2024,0.0,0.0,
0.0,0.0,0.0,33,subcategory,06-01-2024,0.0,0.0,
0.0,0.0,0.0,34,subcategory,06-01-2024,0.0,0.0,
0.0,0.017911276429470303,0.0,35,subcategory,06-01-2024,0.06798680739049384,0.0,
,0.0,0.0,36,subcategory,06-01-2024,0.0,0.0,
,0.8472283548387101,0.0,37,subcategory,06-01-2024,0.8472283548387101,0.0,
,0.0,0.0,38,subcategory,06-01-2024,0.0,0.0,
2.810462,2.6103604869051305,2.603884,39,subcategory,06-01-2024,3.2356320721418528,2.810462,
5.630909,6.748196413504805,6.851536,40,subcategory,06-01-2024,6.629708937263571,5.630909,
0.0,0.0,0.0,41,subcategory,06-01-2024,0.0,0.0,
0.0,0.0,0.0,42,subcategory,06-01-2024,0.0,0.0,
0.0,0.0,0.0,43,subcategory,06-01-2024,0.0,0.0,
0.040528,0.03129400591394391,0.027107,44,subcategory,06-01-2024,0.038743455878607586,0.040528,
1.304417,2.351706828683067,1.522681,45,subcategory,06-01-2024,1.639043733168938,1.304417,
1.9177939999999998,1.2330043936468627,-0.4650558821952629,46,subcategory,06-01-2024,3.322190546066548,-1.873882,
2.138726,15.174959798336122,6.174628,47,subcategory,06-01-2024,13.32114664165466,2.138726,
0.0,0.0,0.0,48,subcategory,06-01-2024,0.0,0.0,
0.0,0.0,0.0,49,subcategory,06-01-2024,0.0,0.0,
0.0,0.0,0.0,50,subcategory,06-01-2024,0.0,0.0,
0.0,0.0,0.0,51,subcategory,06-01-2024,0.0,0.0,
0.0,0.0,0.0,52,subcategory,06-01-2024,1.9949965602232916e-06,0.0,
0.0,0.0,0.0,53,subcategory,06-01-2024,0.0,0.0,
0.790046,0.6044196774193549,0.90366,54,subcategory,06-01-2024,0.7555190322580645,0.790046,
0.0,0.0,0.0,55,subcategory,06-01-2024,0.0,0.0,
11.815939,15.03696228807922,19.399858,56,subcategory,06-01-2024,14.382573593399776,11.815939,
16.429705,25.774948509080804,25.164425,57,subcategory,06-01-2024,19.123331289920948,16.429705,
0.0,0.0,0.0,58,subcategory,06-01-2024,0.0,0.0,
0.0,0.0,0.0,59,subcategory,06-01-2024,0.0,0.0,
0.0,0.0,0.0,60,subcategory,06-01-2024,0.0,0.0,
0.016279,0.39819762245920703,0.578252,61,subcategory,06-01-2024,0.6101582713741934,0.016279,
1.734693,1.650565953388115,2.403416,62,subcategory,06-01-2024,1.3253917603828405,1.734693,
1.919997,2.208984204009586,2.001125,63,subcategory,06-01-2024,2.3356490597717032,1.919997,
0.013882,0.02800778854061643,0.016773,64,subcategory,06-01-2024,0.013529203542247771,0.013882,
0.023997,0.06103383584157133,0.029873,65,subcategory,06-01-2024,0.029464631994174196,0.023997,
0.0,0.0,0.0,66,subcategory,06-01-2024,0.0,0.0,
2.5e-05,1.585484901538726e-05,0.0,67,subcategory,06-01-2024,2.7773765170588755e-05,2.5e-05,
0.001272,0.03028553621796736,0.0,68,subcategory,06-01-2024,0.0016508726017397952,0.001272,
0.071736,0.07099138420462615,0.085524,69,subcategory,06-01-2024,0.052926307646985,0.071736,
0.0,0.066102,0.0,70,subcategory,06-01-2024,0.06610199999999998,0.0,
1.310172,0.998088387096774,1.031358,71,subcategory,06-01-2024,1.183436129032258,1.310172,
3.410047,10.343623548387097,11.0,72,subcategory,06-01-2024,11.884404193548386,3.410047,
0.0,0.0,0.0,73,subcategory,06-01-2024,0.0,0.0,
0.206294,0.0,0.206294,74,subcategory,06-01-2024,0.0,0.206294,
0.0,0.0,0.0,75,subcategory,06-01-2024,0.0,0.0,
0.0,0.0,0.0,76,subcategory,06-01-2024,0.0,0.0,
0.0,0.0,0.0,77,subcategory,06-01-2024,0.0,0.0,
3115.2322606440675,3543.1778462902143,3670.394155934163,160,type,07-01-2024,,3661.312776034729,
8.54026,12.855140007694303,12.246614,161,type,07-01-2024,,9.654428184824674,
17.671764,21.135031601073408,22.170089,162,type,07-01-2024,,20.591511184501297,
183.809871,191.05399876342344,174.50846,163,type,07-01-2024,,200.26835258478647,
1.018578,2.10865750127898,0.990903,164,type,07-01-2024,,2.031062598019981,
31.374126,27.90657965351959,30.42931494661245,165,type,07-01-2024,,18.07980797052787,
49.743453,48.83462856588826,57.230506999999996,166,type,07-01-2024,,40.988374716613656,
,,0.0,167,type,07-01-2024,,,
,,0.0,168,type,07-01-2024,,,
220.710406,219.37068887210128,231.14786299999977,169,type,07-01-2024,,220.74598897422752,
0.093824,0.031824554807912436,0.067608,170,type,07-01-2024,,0.0597995839064191,
0.460539,0.40320985266622394,0.617927,171,type,07-01-2024,,0.7899605913461497,
3.708056,3.4153006298042348,4.342555,172,type,07-01-2024,,4.6251881186346955,
-14.311537,-9.234761500000001,-8.444655940677569,1,category,07-01-2024,,-29.696997,
3039.081309,3496.530123406721,3638.7571418748403,2,category,07-01-2024,,3578.4397534229406,
9.927425,6.144187217860386,8.859292,3,category,07-01-2024,,4.8306197814488145,
3564.772731,4577.177951162509,3685.004552,4,category,07-01-2024,,3877.808294745609,
80.53506364406779,49.738297165632815,31.222378000000027,5,category,07-01-2024,,107.73939983033979,
1.01347,1.2380511324360635,0.985617,6,category,07-01-2024,,1.1393562245071784,
0.005108,0.023377014004206376,0.005286,7,category,07-01-2024,,0.04447701867409228,
-0.903151,1.4946975279722512,1.420302,8,category,07-01-2024,,2.4435863656744323,
0.0,0.8472293548387101,0.0,9,category,07-01-2024,,0.8472293548387101,
10.020874999999998,12.07493821238035,14.196903031358211,10,category,07-01-2024,,8.264590817742718,
20.577640000000002,15.207074441139241,15.60784491525424,11,category,07-01-2024,,9.04449415278515,
32.318738,40.02864231627986,23.429422,12,category,07-01-2024,,5.630980649634065,
0.775611,0.624567,0.624567,13,category,07-01-2024,,0.7707230000000002,
30.12205,36.843760192536955,45.32696899999999,14,category,07-01-2024,,28.281822540188244,
0.29374,0.20279397335130342,0.335635,15,category,07-01-2024,,0.31908377642540725,
107.842125,136.09190901228484,96.510448,16,category,07-01-2024,,123.97334829677379,
19.327662999999998,11.7880744,11.567903,17,category,07-01-2024,,12.387468400000001,
,0.0,0.0,18,category,07-01-2024,,0.0,
,0.0,0.0,19,category,07-01-2024,,0.0,
,0.0,0.0,20,category,07-01-2024,,0.0,
139.257712,177.61524885653694,121.360172,21,category,07-01-2024,,132.0479153120823,
1815.059119457627,1667.5091757077248,1714.9878135867048,1,subcategory,07-01-2024,,1672.955710353132,
1033.470925381356,1548.6692851036137,1694.1240351949152,2,subcategory,07-01-2024,,1627.3961440461483,
0.0,0.0,0.0,3,subcategory,07-01-2024,,0.0,
0.0,0.0,0.0,4,subcategory,07-01-2024,,0.0,
0.0,80.2186012542703,0.0,5,subcategory,07-01-2024,,0.0,
57.774624398305086,42.33297310608024,44.02838760169491,6,subcategory,07-01-2024,,105.45106587054343,
127.92177376271185,141.86581741669758,172.2536264915254,7,subcategory,07-01-2024,,147.8633301030847,
4.854866,15.934270818334438,13.363279,8,subcategory,07-01-2024,,24.77350305003209,
4.600649,1.616412640061261,2.310642,9,subcategory,07-01-2024,,1.2376147475711243,
1.798093,1.7354337462157128,1.951751,10,subcategory,07-01-2024,,1.3114742300902453,
0.0,0.0,0.0,11,subcategory,07-01-2024,,0.0,
0.003839,0.0,0.003742,12,subcategory,07-01-2024,,0.0018630541868468217,
0.704016,0.5444484460518896,0.918036,13,subcategory,07-01-2024,,0.40080694811400613,
2.820828,2.247892385531523,3.675121,14,subcategory,07-01-2024,,1.878860801486592,
0.29711864406779664,0.6831874418420834,0.658856,15,subcategory,07-01-2024,,0.4663951812702241,
4.476203389830508,11.069902039542436,7.98549152542373,16,subcategory,07-01-2024,,8.120181951965042,
0.0,0.0,0.0,17,subcategory,07-01-2024,,0.0,
0.0,0.0,0.0,18,subcategory,07-01-2024,,0.0,
0.0,0.0,0.0,19,subcategory,07-01-2024,,0.0,
75.76174161016948,37.985207684248294,22.5780304745763,20,subcategory,07-01-2024,,99.15282269710453,
0.0,0.0,0.0,21,subcategory,07-01-2024,,0.0,
0.164346,0.28494072741520193,0.238139,22,subcategory,07-01-2024,,0.2543910139224458,
0.342036,0.6786927544493296,0.518527,23,subcategory,07-01-2024,,0.5100991422922974,
0.0,0.0,0.0,24,subcategory,07-01-2024,,0.0,
0.0,0.0,0.0,25,subcategory,07-01-2024,,0.0,
0.043702,0.005123004034646922,0.003316,26,subcategory,07-01-2024,,0.03407604894923702,
0.008078,0.009895862668071997,0.013185,27,subcategory,07-01-2024,,0.010019598492176617,
0.074833,0.1962285498578259,0.149807,28,subcategory,07-01-2024,,0.08015541373400312,
0.380475,0.06317023401098688,0.062643,29,subcategory,07-01-2024,,0.25061500711701856,
0.005108,0.005330489551619122,0.005286,30,subcategory,07-01-2024,,0.004420958337399626,
0.0,0.0,0.0,31,subcategory,07-01-2024,,0.0,
0.0,0.0,0.0,32,subcategory,07-01-2024,,0.0,
0.0,0.0,0.0,33,subcategory,07-01-2024,,0.0,
0.0,0.0,0.0,34,subcategory,07-01-2024,,0.0,
0.0,0.018046524452587254,0.0,35,subcategory,07-01-2024,,0.04005606033669266,
,0.0,0.0,36,subcategory,07-01-2024,,0.0,
,0.8472293548387101,0.0,37,subcategory,07-01-2024,,0.8472293548387101,
,0.0,0.0,38,subcategory,07-01-2024,,0.0,
2.560068,2.3664611893080725,2.955554,39,subcategory,07-01-2024,,1.8872337106591368,
4.774251,6.373774788386172,7.341078,40,subcategory,07-01-2024,,4.706460542321128,
0.0,0.0,0.0,41,subcategory,07-01-2024,,0.0,
0.0,0.0,0.0,42,subcategory,07-01-2024,,0.0,
0.0,0.0,0.0,43,subcategory,07-01-2024,,0.0,
0.032066,0.029565206927454363,0.035064,44,subcategory,07-01-2024,,0.022216443109797937,
1.447512,2.028336110681733,2.55475703135821,45,subcategory,07-01-2024,,0.9311890592565184,
1.206978,1.2768009170769177,1.31045,46,subcategory,07-01-2024,,0.7174910623961354,
20.577640000000002,15.207074441139241,15.60784491525424,47,subcategory,07-01-2024,,9.04449415278515,
0.0,0.0,0.0,48,subcategory,07-01-2024,,0.0,
0.0,0.0,0.0,49,subcategory,07-01-2024,,0.0,
0.0,0.0,0.0,50,subcategory,07-01-2024,,0.0,
0.0,0.0,0.0,51,subcategory,07-01-2024,,0.0,
0.0,0.0,0.0,52,subcategory,07-01-2024,,0.0,
0.0,0.0,0.0,53,subcategory,07-01-2024,,0.0,
0.775611,0.624567,0.624567,54,subcategory,07-01-2024,,0.7707230000000002,
0.0,0.0,0.0,55,subcategory,07-01-2024,,0.0,
13.098512008474472,11.589144651684075,17.564970127118407,56,subcategory,07-01-2024,,9.58452120757028,
13.762157144067913,21.86136952704281,23.517270194915483,57,subcategory,07-01-2024,,15.465095256912878,
0.0,0.0,0.0,58,subcategory,07-01-2024,,0.0,
0.0,0.0,0.0,59,subcategory,07-01-2024,,0.0,
0.0,0.0,0.0,60,subcategory,07-01-2024,,0.0,
1.0280836355932204,0.3373039785181812,0.2764869576271186,61,subcategory,07-01-2024,,0.4756559947031644,
2.1641802118644,1.3134124424701934,2.2854267203389798,62,subcategory,07-01-2024,,1.5888262305118261,
0.069117,1.7425295928216984,1.682815,63,subcategory,07-01-2024,,1.1677238504900938,
-0.317545,0.02795205122248509,-0.270402,64,subcategory,07-01-2024,,0.018422694167313354,
0.286102,0.06582974762020881,0.307963,65,subcategory,07-01-2024,,0.1606443711332032,
0.0,0.0,0.0,66,subcategory,07-01-2024,,0.0,
0.000181,1.7100690049183523e-05,8e-05,67,subcategory,07-01-2024,,2.9219755380916582e-05,
0.13661,0.03266531061469914,0.152814,68,subcategory,07-01-2024,,0.11972736327819808,
0.188392,0.07632976320386117,0.14518,69,subcategory,07-01-2024,,0.02026012809131169,
0.0,0.0683054,0.0,70,subcategory,07-01-2024,,0.06830539999999999,
1.262714,1.0313579999999998,1.031358,71,subcategory,07-01-2024,,1.205087,
18.24601,10.688411,10.688411,72,subcategory,07-01-2024,,11.114076,
0.0,0.0,0.0,73,subcategory,07-01-2024,,0.0,
-0.181061,0.0,-0.151866,74,subcategory,07-01-2024,,0.0,
0.0,0.0,0.0,75,subcategory,07-01-2024,,0.0,
0.0,0.0,0.0,76,subcategory,07-01-2024,,0.0,
0.0,0.0,0.0,77,subcategory,07-01-2024,,0.0,
2957.1664993559284,3534.084055022649,3471.330207,160,type,08-01-2024,,3777.0786210140272,
9.473308,12.957503030272079,13.601698,161,type,08-01-2024,,9.703324992773833,
15.401019,21.182454627290507,22.661597,162,type,08-01-2024,,20.658461339160734,
182.748435,192.00386721569103,171.370872,163,type,08-01-2024,,201.60934334092897,
1.483382,2.1187030124828268,1.540786,164,type,08-01-2024,,2.037059361376184,
23.739613,27.986906173320214,68.166383,165,type,08-01-2024,,18.18025401199362,
39.805126,47.70185517795975,56.913295999999995,166,type,08-01-2024,,39.75861153621208,
,,0.0,167,type,08-01-2024,,,
,,0.0,168,type,08-01-2024,,,
196.195839,217.40763643066583,230.653991,169,type,08-01-2024,,218.75034985802245,
0.022647,0.03153977077256808,0.030096,170,type,08-01-2024,,0.05925896983079769,
0.509339,0.3996017038758961,0.56809,171,type,08-01-2024,,0.7828190062886975,
3.307155,3.3847385967721824,4.08237,172,type,08-01-2024,,4.58337441967579,
-15.00414,-9.234761500000001,-27.932998,1,category,08-01-2024,,-29.696997,
2892.796299864403,3488.560233646103,3452.1136,2,category,08-01-2024,,3688.9857634293967,
6.003881999999999,4.304920635675061,8.107584,3,category,08-01-2024,,3.3941909123739604,
3665.46348,4647.964441962058,3814.777494,4,category,08-01-2024,,3981.4861917334847,
73.37045749152543,50.45366224087077,39.04202100000003,5,category,08-01-2024,,114.39566367225649,
1.475739,1.2479094969459903,1.53108,6,category,08-01-2024,,1.1451267249893278,
0.007643,0.023563160698126577,0.009706,7,category,08-01-2024,,0.04470228154814595,
4.639966,1.517813166896677,1.709622,8,category,08-01-2024,,2.5089186039505362,
0.0,0.84723035483871,0.0,9,category,08-01-2024,,0.84723035483871,
11.725224999999998,12.121142924202651,11.764152000000001,10,category,08-01-2024,,8.335630067403839,
11.208973,15.241196249117563,55.644596,11,category,08-01-2024,,9.073900944589779,
55.654903999999995,40.64768906326511,0.01515,12,category,08-01-2024,,5.7815317309045176,
0.805415,0.624567,0.757635,13,category,08-01-2024,,0.7707230000000002,
27.747465000000005,35.72422107122546,44.934802999999995,14,category,08-01-2024,,27.055155862767002,
0.203407,0.18955970673429023,0.44046299999999994,15,category,08-01-2024,,0.3159872734450793,
101.087228,138.19658328275852,106.974866,16,category,08-01-2024,,127.28792577379116,
11.854254000000001,11.7880744,11.538030000000001,17,category,08-01-2024,,12.387468400000001,
,0.0,0.0,18,category,08-01-2024,,0.0,
,0.0,0.0,19,category,08-01-2024,,0.0,
,0.0,0.0,20,category,08-01-2024,,0.0,
161.38209799999998,180.36208551292032,108.69963800000001,21,category,08-01-2024,,135.5783761086462,
1272.944122296606,1668.1720958350186,1529.287447016949,1,subcategory,08-01-2024,,1667.2464130224728,
1347.4631455847457,1534.0389202925633,1699.0469503728814,2,subcategory,08-01-2024,,1740.3782698579473,
0.0,0.0,0.0,3,subcategory,08-01-2024,,0.0,
0.0,0.0,0.0,4,subcategory,08-01-2024,,0.0,
0.0,86.45569156390705,0.0,5,subcategory,08-01-2024,,0.0,
118.0587967118644,42.114841295587894,52.12915345762712,6,subcategory,08-01-2024,,112.77201574176065,
143.23897927118645,141.13763755679864,156.34625215254238,7,subcategory,08-01-2024,,144.09783494951594,
11.091256,16.641047102227528,15.303797,8,subcategory,08-01-2024,,24.491229857700056,
1.500878,1.1040582996248196,2.484433,9,subcategory,08-01-2024,,0.8453279811906136,
1.609378,1.1468933746598857,1.864,10,subcategory,08-01-2024,,0.855373620330635,
0.0,0.0,0.0,11,subcategory,08-01-2024,,0.0,
0.001551,0.0,0.002106,12,subcategory,08-01-2024,,0.0013372306549296325,
0.43774,0.35974296069158895,0.469726,13,subcategory,08-01-2024,,0.27606346222792155,
2.454335,1.6942260006987668,3.287319,14,subcategory,08-01-2024,,1.416088617969861,
0.3101694915254238,0.6866033790512936,0.667034,15,subcategory,08-01-2024,,0.4687271571765751,
5.33189406779661,11.40199910072871,8.41618220338983,16,subcategory,08-01-2024,,8.282585591004345,
0.0,0.0,0.0,17,subcategory,08-01-2024,,0.0,
0.0,0.0,0.0,18,subcategory,08-01-2024,,0.0,
0.0,0.0,0.0,19,subcategory,08-01-2024,,0.0,
67.72839393220339,38.36505976109077,29.9588047966102,20,subcategory,08-01-2024,,105.64435092407557,
0.0,0.0,0.0,21,subcategory,08-01-2024,,0.0,
0.272729,0.28720965596022546,0.296111,22,subcategory,08-01-2024,,0.25567942876314137,
0.528813,0.6841131845111692,0.59343,23,subcategory,08-01-2024,,0.507625406905641,
0.0,0.0,0.0,24,subcategory,08-01-2024,,0.0,
0.0,0.0,0.0,25,subcategory,08-01-2024,,0.0,
0.032335,0.00516096023106265,0.00521,26,subcategory,08-01-2024,,0.03945712543835649,
0.009395,0.009961369443727733,0.004294,27,subcategory,08-01-2024,,0.009919089206291583,
0.114302,0.19779108029059275,0.192294,28,subcategory,08-01-2024,,0.08056137706983253,
0.518165,0.06367324650921248,0.439741,29,subcategory,08-01-2024,,0.2518842976060648,
0.007643,0.005372935220977558,0.009706,30,subcategory,08-01-2024,,0.004443349176777856,
0.0,0.0,0.0,31,subcategory,08-01-2024,,0.0,
0.0,0.0,0.0,32,subcategory,08-01-2024,,0.0,
0.0,0.0,0.0,33,subcategory,08-01-2024,,0.0,
0.0,0.0,0.0,34,subcategory,08-01-2024,,0.0,
0.0,0.01819022547714902,0.0,35,subcategory,08-01-2024,,0.04025893237136809,
,0.0,0.0,36,subcategory,08-01-2024,,0.0,
,0.84723035483871,0.0,37,subcategory,08-01-2024,,0.84723035483871,
,0.0,0.0,38,subcategory,08-01-2024,,0.0,
2.854344,2.4127031822689045,2.474343,39,subcategory,08-01-2024,,1.926045598066276,
5.416143,6.4646772037386455,5.847776,40,subcategory,08-01-2024,,4.777474732069049,
0.0,0.0,0.0,41,subcategory,08-01-2024,,0.0,
0.0,0.0,0.0,42,subcategory,08-01-2024,,0.0,
0.0,0.0,0.0,43,subcategory,08-01-2024,,0.0,
0.009134,0.029982241912710837,0.053722,44,subcategory,08-01-2024,,0.02346040159779978,
1.495898,1.9341144786693667,1.642535,45,subcategory,08-01-2024,,0.888825460633304,
1.949706,1.2796658176130244,1.745776,46,subcategory,08-01-2024,,0.7198238750374114,
11.208973,15.241196249117563,55.644596,47,subcategory,08-01-2024,,9.073900944589779,
0.0,0.0,0.0,48,subcategory,08-01-2024,,0.0,
0.0,0.0,0.0,49,subcategory,08-01-2024,,0.0,
0.0,0.0,0.0,50,subcategory,08-01-2024,,0.0,
0.0,0.0,0.0,51,subcategory,08-01-2024,,0.0,
0.0,0.0,0.0,52,subcategory,08-01-2024,,0.0,
0.0,0.0,0.0,53,subcategory,08-01-2024,,0.0,
0.805415,0.624567,0.757635,54,subcategory,08-01-2024,,0.7707230000000002,
0.0,0.0,0.0,55,subcategory,08-01-2024,,0.0,
9.588756898305206,11.102804678687379,16.628421466101717,56,subcategory,08-01-2024,,9.198059708530474,
14.629749745762602,20.80167308394985,23.198737601694894,57,subcategory,08-01-2024,,14.78538520312175,
0.0,0.0,0.0,58,subcategory,08-01-2024,,0.0,
0.0,0.0,0.0,59,subcategory,08-01-2024,,0.0,
0.0,0.0,0.0,60,subcategory,08-01-2024,,0.0,
0.6926245677966102,0.3215421464513781,0.46660303389830515,61,subcategory,08-01-2024,,0.4091098115629831,
1.83458678813559,1.1934510459471448,2.3702568983050796,62,subcategory,08-01-2024,,1.446186722612108,
1.001747,2.3047501161897075,2.270784,63,subcategory,08-01-2024,,1.216414416939686,
-0.132435,0.027547419448359176,0.038982,64,subcategory,08-01-2024,,0.018187159119030728,
0.140863,0.06583863470887696,0.140219,65,subcategory,08-01-2024,,0.16094171492965945,
0.0,0.0,0.0,66,subcategory,08-01-2024,,0.0,
6.9e-05,1.7102998661235792e-05,2.7e-05,67,subcategory,08-01-2024,,2.9273839523020013e-05,
0.083681,0.03266972046772608,0.125862,68,subcategory,08-01-2024,,0.11994897196878404,
0.111229,0.06348682911066678,0.135373,69,subcategory,08-01-2024,,0.016880153588082102,
0.0,0.0683054,0.0,70,subcategory,08-01-2024,,0.06830539999999999,
1.358478,1.0313579999999998,1.034746,71,subcategory,08-01-2024,,1.205087,
10.481284,10.688411,10.475085,72,subcategory,08-01-2024,,11.114076,
0.0,0.0,0.0,73,subcategory,08-01-2024,,0.0,
0.014492,0.0,0.028199,74,subcategory,08-01-2024,,0.0,
0.0,0.0,0.0,75,subcategory,08-01-2024,,0.0,
0.0,0.0,0.0,76,subcategory,08-01-2024,,0.0,
0.0,0.0,0.0,77,subcategory,08-01-2024,,0.0,
3004.9239209999923,3460.942319235569,3282.8454231251703,160,type,09-01-2024,,3671.2559632052003,3004.9239209999923
10.075003,13.065887407119138,10.901275,161,type,09-01-2024,,9.746109699729345,10.075003
16.322016,21.232667243285082,21.69907,162,type,09-01-2024,,20.717042724487733,16.322016
181.9622,193.00961028279787,172.443707,163,type,09-01-2024,,202.7827102525536,181.9622
0.37261299999999997,2.088747513891719,1.866088,164,type,09-01-2024,,2.0052042055092736,0.37261299999999997
24.880793,28.036592880199944,6.081266999999997,165,type,09-01-2024,,18.21404859632904,24.880793
44.642541,52.815589400732264,55.696194999999996,166,type,09-01-2024,,44.081095094768955,44.642541
,,0.0,167,type,09-01-2024,,,
,,0.0,168,type,09-01-2024,,,
203.66875400000023,216.85256400343803,217.70272500000024,169,type,09-01-2024,,218.14839240640597,203.66875400000023
0.057772,0.03145924527951567,0.033644,170,type,09-01-2024,,0.05909590093290602,0.057772
0.42015,0.3985814642406361,0.557513,171,type,09-01-2024,,0.7806648440923475,0.42015
3.3991,3.376096880688575,4.339862,172,type,09-01-2024,,4.570761884942644,3.3991
-16.963491,-9.234761500000001,-14.703085999999985,1,category,09-01-2024,,-29.696997,-16.963491
2955.867150999992,3416.4460758751534,3251.90324012517,2,category,09-01-2024,,3579.7541487225562,2955.867150999992
4.714417999999999,4.1992572845458085,5.392652,3,category,09-01-2024,,3.308389680285976,4.714417999999999
3466.954236,4472.616235030618,3621.880957,4,category,09-01-2024,,3894.4656736116117,3466.954236
61.305842999999996,49.5317475758698,40.25261700000003,5,category,09-01-2024,,117.89042180235795,61.305842999999996
0.371548,1.2177559018554374,1.861054,6,category,09-01-2024,,1.113073464107621,0.371548
0.001065,0.023760257197571494,0.005034,7,category,09-01-2024,,0.0448993865629429,0.001065
-1.133795,1.4605524411326234,-0.026136,8,category,09-01-2024,,2.4540829505468698,-1.133795
0.0,0.84723135483871,0.0,9,category,09-01-2024,,0.84723135483871,0.0
9.367219,12.15484798050951,11.683957999999999,10,category,09-01-2024,,8.368555741168274,9.367219
14.746135,15.277325222271077,-6.3510300000000015,11,category,09-01-2024,,9.099631887418827,14.746135
18.8109829999995,39.11422221295903,9.58512117457809,12,category,09-01-2024,,5.655168894884656,18.8109829999995
0.767439,0.6044196774193549,0.748339,13,category,09-01-2024,,0.7458609677419356,0.767439
29.310884,41.21970334414085,43.261089,14,category,09-01-2024,,31.777985249562924,29.310884
0.11471600000000001,0.18807212110754207,0.13002999999999998,15,category,09-01-2024,,0.3152372000447403,0.11471600000000001
103.764565,132.98300572955898,107.020617,16,category,09-01-2024,,124.50588391352008,103.764565
15.216940999999998,11.40781393548387,12.305076,17,category,09-01-2024,,11.98787264516129,15.216940999999998
,0.0,0.0,18,category,09-01-2024,,0.0,0.0
,0.0,0.0,19,category,09-01-2024,,0.0,0.0
,0.0,0.0,20,category,09-01-2024,,0.0,0.0
121.4417529999995,173.55778038365062,116.5796021745781,21,category,09-01-2024,,132.6151357589516,121.44175299999951
1110.5243479999924,1635.7933605873359,1485.83128612517,1,subcategory,09-01-2024,,1607.0786882555599,1110.5243479999924
1560.014243,1487.242004077606,1572.64716,2,subcategory,09-01-2024,,1695.1742568986745,1560.014243
0.0,0.0,0.0,3,subcategory,09-01-2024,,0.0,0.0
0.0,0.0,0.0,4,subcategory,09-01-2024,,0.0,0.0
0.0,90.65889132606755,0.0,5,subcategory,09-01-2024,,0.0,0.0
149.968274,41.00787827610351,32.689253,6,subcategory,09-01-2024,,109.8429124833926,149.968274
121.334715,142.83614086912877,143.39312,7,subcategory,09-01-2024,,144.03865678356607,121.334715
14.025571,18.907800738911767,17.342421,8,subcategory,09-01-2024,,23.619634301363284,14.025571
1.121778,1.0984284560391517,1.378981,9,subcategory,09-01-2024,,0.841017462158866,1.121778
1.465889,1.1276465985126884,1.570154,10,subcategory,09-01-2024,,0.8465424597449883,1.465889
0.0,0.0,0.0,11,subcategory,09-01-2024,,0.0,0.0
0.0,0.0,0.0,12,subcategory,09-01-2024,,0.0012631553004696628,0.0
0.196229,0.3537382382612878,0.089344,13,subcategory,09-01-2024,,0.26598319497288325,0.196229
1.930522,1.6194439917326802,2.354173,14,subcategory,09-01-2024,,1.3535834081087688,1.930522
0.272076,0.6677771573676291,0.511397,15,subcategory,09-01-2024,,0.45587496093141094,0.272076
6.007060169491526,11.365218458468295,8.41618220338983,16,subcategory,09-01-2024,,8.175713518862354,6.007060169491526
0.0,0.0,0.0,17,subcategory,09-01-2024,,0.0,0.0
0.0,0.0,0.0,18,subcategory,09-01-2024,,0.0,0.0
0.0,0.0,0.0,19,subcategory,09-01-2024,,0.0,0.0
55.02670683050847,37.49875196003388,31.3250377966102,20,subcategory,09-01-2024,,109.25883332256419,55.02670683050847
0.0,0.0,0.0,21,subcategory,09-01-2024,,0.0,0.0
0.11674,0.2802697266679841,0.065762,22,subcategory,09-01-2024,,0.2485227016923387,0.11674
0.310527,0.6675787181322106,0.332945,23,subcategory,09-01-2024,,0.4992017938333627,0.310527
0.0,0.0,0.0,24,subcategory,09-01-2024,,0.0,0.0
0.0,0.0,0.0,25,subcategory,09-01-2024,,0.0,0.0
0.068787,0.005034968826801252,0.00947,26,subcategory,09-01-2024,,0.033401197496737464,0.068787
-0.005644,0.009725998948296235,0.006114,27,subcategory,09-01-2024,,0.008807588724539983,-0.005644
0.074984,0.19301179768860796,0.139117,28,subcategory,09-01-2024,,0.07830638224711285,0.074984
-0.193846,0.06213469159153735,1.307646,29,subcategory,09-01-2024,,0.24483380011352926,-0.193846
0.001065,0.005417877694415902,0.005034,30,subcategory,09-01-2024,,0.004462941161233807,0.001065
0.0,0.0,0.0,31,subcategory,09-01-2024,,0.0,0.0
0.0,0.0,0.0,32,subcategory,09-01-2024,,0.0,0.0
0.0,0.0,0.0,33,subcategory,09-01-2024,,0.0,0.0
0.0,0.0,0.0,34,subcategory,09-01-2024,,0.0,0.0
0.0,0.018342379503155593,0.0,35,subcategory,09-01-2024,,0.04043644540170909,0.0
,0.0,0.0,36,subcategory,09-01-2024,,0.0,0.0
,0.84723135483871,0.0,37,subcategory,09-01-2024,,0.84723135483871,0.0
,0.0,0.0,38,subcategory,09-01-2024,,0.0,0.0
2.56455,2.4287372443495,2.430282,39,subcategory,09-01-2024,,1.9397453590394949,2.56455
4.895674,6.507638869922795,5.719349,40,subcategory,09-01-2024,,4.811099187509266,4.895674
0.0,0.0,0.0,41,subcategory,09-01-2024,,0.0,0.0
0.0,0.0,0.0,42,subcategory,09-01-2024,,0.0,0.0
0.0,0.0,0.0,43,subcategory,09-01-2024,,0.0,0.0
0.022894,0.03018202779162628,0.052688,44,subcategory,09-01-2024,,0.023984495831171397,0.022894
1.677331,1.946967991629382,1.852815,45,subcategory,09-01-2024,,0.8951475832091209,1.677331
0.20677,1.2413218468162055,1.6288240000000003,46,subcategory,09-01-2024,,0.6985791155792206,0.20677
14.746135,15.277325222271077,-6.3510300000000015,47,subcategory,09-01-2024,,9.099631887418827,14.746135
0.0,0.0,0.0,48,subcategory,09-01-2024,,0.0,0.0
0.0,0.0,0.0,49,subcategory,09-01-2024,,0.0,0.0
0.0,0.0,0.0,50,subcategory,09-01-2024,,0.0,0.0
0.0,0.0,0.0,51,subcategory,09-01-2024,,0.0,0.0
0.0,0.0,0.0,52,subcategory,09-01-2024,,0.0,0.0
0.0,0.0,0.0,53,subcategory,09-01-2024,,0.0,0.0
0.767439,0.6044196774193549,0.748339,54,subcategory,09-01-2024,,0.7458609677419356,0.767439
0.0,0.0,0.0,55,subcategory,09-01-2024,,0.0,0.0
9.604909,13.763445006630292,16.111676,56,subcategory,09-01-2024,,11.408853068671926,9.604909
14.708739,23.982519595363375,20.989405,57,subcategory,09-01-2024,,17.011312749043885,14.708739
0.0,0.0,0.0,58,subcategory,09-01-2024,,0.0,0.0
0.0,0.0,0.0,59,subcategory,09-01-2024,,0.0,0.0
0.0,0.0,0.0,60,subcategory,09-01-2024,,0.0,0.0
1.317487,0.3706526160363466,0.432984,61,subcategory,09-01-2024,,0.5167168128910309,1.317487
1.818043,1.3995061563526556,2.427493,62,subcategory,09-01-2024,,1.6968594998737723,1.818043
1.861706,1.703579969758182,3.299531,63,subcategory,09-01-2024,,1.1442431190823132,1.861706
0.016768,0.026875423926139983,0.017203,64,subcategory,09-01-2024,,0.017753769556552577,0.016768
0.017539,0.06576835020921984,0.02448,65,subcategory,09-01-2024,,0.160862963960774,0.017539
0.0,0.0,0.0,66,subcategory,09-01-2024,,0.0,0.0
2.5e-05,1.7084740753719077e-05,2.5e-05,67,subcategory,09-01-2024,,2.9259515435405802e-05,2.5e-05
0.001364,0.03263484466923534,0.000708,68,subcategory,09-01-2024,,0.11989027930626656,0.001364
0.07902,0.06277641756219317,0.087614,69,subcategory,09-01-2024,,0.016700927705711743,0.07902
0.0,0.066102,0.0,70,subcategory,09-01-2024,,0.06610199999999998,0.0
1.566951,0.998088387096774,1.055086,71,subcategory,09-01-2024,,1.1662132258064517,1.566951
13.443696,10.343623548387097,11.043696,72,subcategory,09-01-2024,,10.755557419354837,13.443696
0.0,0.0,0.0,73,subcategory,09-01-2024,,0.0,0.0
0.206294,0.0,0.206294,74,subcategory,09-01-2024,,0.0,0.206294
0.0,0.0,0.0,75,subcategory,09-01-2024,,0.0,0.0
0.0,0.0,0.0,76,subcategory,09-01-2024,,0.0,0.0
0.0,0.0,0.0,77,subcategory,09-01-2024,,0.0,0.0
2896.9497465,3530.8140355314517,3566.1074630000157,160,type,10-01-2024,,,2971.811769038623
9.430512,13.168250429696915,12.053816,161,type,10-01-2024,,,9.573670456342889
15.1651,21.280090269502182,23.492935,162,type,10-01-2024,,,18.387956089660772
188.444836,193.95947873506546,175.7654421050869,163,type,10-01-2024,,,189.558889438072
0.8033579999999999,2.1393848884907474,1.092459,164,type,10-01-2024,,,1.9146112833582913
29.832404999999998,28.195036228009023,41.890441,165,type,10-01-2024,,,31.353712788852878
35.61905799999998,52.54203214741775,53.58429200000001,166,type,10-01-2024,,,53.010765466143496
,,0.0,167,type,10-01-2024,,,
,,0.0,168,type,10-01-2024,,,
168.333517,214.3003357380776,215.61643700000002,169,type,10-01-2024,,,177.43549803856575
0.036297,0.031088988301562606,0.05841,170,type,10-01-2024,,,0.0754278353688969
0.410615,0.3938903927573053,0.771604,171,type,10-01-2024,,,0.3702406620156506
2.835997,3.336362188479208,4.517711,172,type,10-01-2024,,,2.9810137865221087
-10.762026,-9.234761500000001,-9.578909000000014,1,category,10-01-2024,,,-15.00414
2776.1196484999996,3484.0023799296214,3492.8221800000156,2,category,10-01-2024,,,2913.422236331752
38.346152,4.120352215651945,7.140324,3,category,10-01-2024,,,4.641902725635593
3525.66805,4717.287261857573,3793.976382,4,category,10-01-2024,,,3734.4761719090507
93.245972,51.92606488617807,75.72386800000002,5,category,10-01-2024,,,68.7517699812353
0.8026209999999999,1.2682061297605458,1.088899,6,category,10-01-2024,,,1.0223562988572488
0.000737,0.023946403891491694,0.00356,7,category,10-01-2024,,,0.04502262966233269
-0.9445,1.540450837670123,2.39076,8,category,10-01-2024,,,1.7601045826448045
0.0,0.8472323548387101,0.0,9,category,10-01-2024,,,0.8472323548387101
9.917927,12.259022197759627,31.247432,10,category,10-01-2024,,,9.937224187519076
19.097327,15.311447030249395,9.884721,11,category,10-01-2024,,,20.6408776013338
28.671643,41.25393561770565,5.509248,12,category,10-01-2024,,,43.896389858326046
0.817151,0.624567,0.758288,13,category,10-01-2024,,,0.775611
26.39988199999998,40.56373320483407,42.31346700000001,14,category,10-01-2024,,,32.7480754712752
0.26426800000000006,0.19022454258368054,0.368008,15,category,10-01-2024,,,0.2892250379500415
127.200377,140.2577386493091,121.293246,16,category,10-01-2024,,,119.99250181581668
8.954908000000001,11.7880744,10.902816999999999,17,category,10-01-2024,,,19.97346495691826
,0.0,0.0,18,category,10-01-2024,,,0.0
,0.0,0.0,19,category,10-01-2024,,,0.0
,0.0,0.0,20,category,10-01-2024,,,0.0
154.92752,183.05212510468488,129.193254,21,category,10-01-2024,,,165.64899625678754
1148.630544957627,1665.8046271358585,1480.9747036949307,1,subcategory,10-01-2024,,,1187.2175998029672
1363.278239398305,1515.8769052807768,1771.4806081694917,2,subcategory,10-01-2024,,,1487.5122001552538
0.0,0.0,0.0,3,subcategory,10-01-2024,,,0.0
0.0,0.0,0.0,4,subcategory,10-01-2024,,,0.0
0.0,99.43768874747965,0.0,5,subcategory,10-01-2024,,,102.16092562765456
122.10641092372882,41.98021842973731,77.65371240677968,6,subcategory,10-01-2024,,,0.20426209412974627
135.26974722033899,143.26290176797758,152.77223272881358,7,subcategory,10-01-2024,,,118.72944816927323
6.834706,17.640038567791763,9.940923,8,subcategory,10-01-2024,,,17.59780048247328
33.815489,1.043710737170065,1.378981,9,subcategory,10-01-2024,,,1.227632991525424
1.742424,1.1539460873407976,1.763497,10,subcategory,10-01-2024,,,1.4024151823862367
0.0,0.0,0.0,11,subcategory,10-01-2024,,,0.0
0.002365,0.0,0.003458,12,subcategory,10-01-2024,,,0.0019540929258558574
0.521109,0.36197172453822263,0.676519,13,subcategory,10-01-2024,,,0.40537253083197533
2.264765,1.5607236666028594,3.317869,14,subcategory,10-01-2024,,,1.6045279279661016
0.223157,0.6934865779262828,0.511397,15,subcategory,10-01-2024,,,0.33260227278938226
6.321745762711865,12.096380845963091,8.41618220338983,16,subcategory,10-01-2024,,,6.701426499745762
0.0,0.0,0.0,17,subcategory,10-01-2024,,,0.0
0.0,0.0,0.0,18,subcategory,10-01-2024,,,0.0
0.0,0.0,0.0,19,subcategory,10-01-2024,,,0.0
86.70106923728812,39.13619746228869,66.7962887966102,20,subcategory,10-01-2024,,,61.71774120870015
0.0,0.0,0.0,21,subcategory,10-01-2024,,,0.0
0.175047,0.29188097943527375,0.39564,22,subcategory,10-01-2024,,,0.16578701717070402
0.308598,0.6952330815256834,0.874316,23,subcategory,10-01-2024,,,0.3501962426480022
0.0,0.0,0.0,24,subcategory,10-01-2024,,,0.0
0.0,0.0,0.0,25,subcategory,10-01-2024,,,0.0
0.031368,0.005245415444097568,0.014189,26,subcategory,10-01-2024,,,0.04082910825566893
0.002808,0.010129738168348399,0.015817,27,subcategory,10-01-2024,,,0.006243703129271447
0.091196,0.20100805471099512,0.353857,28,subcategory,10-01-2024,,,0.075489150061062
0.193604,0.06470886047614753,-0.56492,29,subcategory,10-01-2024,,,0.38381107759254024
0.000737,0.0054603233637743375,0.00356,30,subcategory,10-01-2024,,,0.005152787921263409
0.0,0.0,0.0,31,subcategory,10-01-2024,,,0.0
0.0,0.0,0.0,32,subcategory,10-01-2024,,,0.0
0.0,0.0,0.0,33,subcategory,10-01-2024,,,0.0
0.0,0.0,0.0,34,subcategory,10-01-2024,,,0.0
0.0,0.018486080527717358,0.0,35,subcategory,10-01-2024,,,0.03986984174106928
,0.0,0.0,36,subcategory,10-01-2024,,,0.0
,0.8472323548387101,0.0,37,subcategory,10-01-2024,,,0.8472323548387101
,0.0,0.0,38,subcategory,10-01-2024,,,0.0
2.392184,2.4600090169522746,15.207081,39,subcategory,10-01-2024,,,2.6512509848004906
4.588389,6.6103502804927645,6.170431,40,subcategory,10-01-2024,,,4.933619083552497
0.0,0.0,0.0,41,subcategory,10-01-2024,,,0.0
0.0,0.0,0.0,42,subcategory,10-01-2024,,,0.0
0.0,0.0,0.0,43,subcategory,10-01-2024,,,0.0
0.031849,0.030659609590695202,0.061979,44,subcategory,10-01-2024,,,0.032327060971552815
2.353179,1.872439148477709,2.230047,45,subcategory,10-01-2024,,,1.1093398673649442
0.552326,1.2855641422461863,7.577894000000001,46,subcategory,10-01-2024,,,1.2106871908295929
19.097327,15.311447030249395,9.884721,47,subcategory,10-01-2024,,,20.6408776013338
0.0,0.0,0.0,48,subcategory,10-01-2024,,,0.0
0.0,0.0,0.0,49,subcategory,10-01-2024,,,0.0
0.0,0.0,0.0,50,subcategory,10-01-2024,,,0.0
0.0,0.0,0.0,51,subcategory,10-01-2024,,,0.0
0.0,0.0,0.0,52,subcategory,10-01-2024,,,0.0
0.0,0.0,0.0,53,subcategory,10-01-2024,,,0.0
0.817151,0.624567,0.758288,54,subcategory,10-01-2024,,,0.775611
0.0,0.0,0.0,55,subcategory,10-01-2024,,,0.0
-43.455434703389884,13.802036859089826,15.567421279660955,56,subcategory,10-01-2024,,,15.927557869792123
65.44435701694918,22.8660451730449,23.485940237288204,57,subcategory,10-01-2024,,,14.230517526478566
0.0,0.0,0.0,58,subcategory,10-01-2024,,,0.0
0.0,0.0,0.0,59,subcategory,10-01-2024,,,0.0
0.0,0.0,0.0,60,subcategory,10-01-2024,,,0.0
0.3232360593220342,0.3532282197622456,0.48429946610169494,61,subcategory,10-01-2024,,,0.4669850094649589
3.3875866271186443,1.2141983310415418,2.4660400169491496,62,subcategory,10-01-2024,,,2.042760055344805
0.700137,2.3282246218955582,0.309766,63,subcategory,10-01-2024,,,0.08025501019474997
-0.276667,0.02656925767717154,-0.200078,64,subcategory,10-01-2024,,,-0.3081814157360593
0.26206,0.06635382048443099,0.258194,65,subcategory,10-01-2024,,,0.2944422088018936
0.0,0.0,0.0,66,subcategory,10-01-2024,,,0.0
2.5e-05,1.7236829225440977e-05,1.4e-05,67,subcategory,10-01-2024,,,0.00018627636225242305
0.135828,0.03292536026570672,0.162102,68,subcategory,10-01-2024,,,0.14059234169780946
0.143022,0.06435886732714585,0.147776,69,subcategory,10-01-2024,,,0.16218562682414528
0.0,0.0683054,0.0,70,subcategory,10-01-2024,,,0.0
1.429664,1.0313579999999998,1.105087,71,subcategory,10-01-2024,,,1.262714
7.70641,10.688411,9.989829,72,subcategory,10-01-2024,,,18.71075095691826
0.0,0.0,0.0,73,subcategory,10-01-2024,,,0.0
-0.181166,0.0,-0.192099,74,subcategory,10-01-2024,,,0.0
0.0,0.0,0.0,75,subcategory,10-01-2024,,,0.0
0.0,0.0,0.0,76,subcategory,10-01-2024,,,0.0
0.0,0.0,0.0,77,subcategory,10-01-2024,,,0.0
2734.762960500015,3443.1880073326593,3549.8572120000003,160,type,11-01-2024,,,3147.1464862307266
9.9767,13.264592098005409,12.647633,161,type,11-01-2024,,,9.606146632486315
16.056914,21.3247237059418,21.917514,162,type,11-01-2024,,,18.428062095223776
187.602373,194.85347257249376,174.286718,163,type,11-01-2024,,,190.37725652161785
0.7908620000000001,2.10763036575644,1.1835139999999997,164,type,11-01-2024,,,1.8851419786592263
33.98244862711914,27.93240672953356,28.068040000000003,165,type,11-01-2024,,,31.16749166050585
37.425241,54.29355960619504,53.780356999999995,166,type,11-01-2024,,,46.90541863740878
,,0.0,167,type,11-01-2024,,,
,,0.0,168,type,11-01-2024,,,
184.72152,213.81568344712386,218.99676,169,type,11-01-2024,,,190.5749585053543
0.021411,0.031018678801804273,0.101384,170,type,11-01-2024,,,0.08101342039489684
0.477046,0.3929995874275935,0.731771,171,type,11-01-2024,,,0.397657738054713
3.051738,3.3288168172947494,4.293699,172,type,11-01-2024,,,3.201763936474885
-9.820147,-9.234761500000001,-28.465879,1,category,11-01-2024,,,-15.00414
2676.7193995000152,3397.617482335862,3491.0289470000002,2,category,11-01-2024,,,3081.4492073475653
-19.764518,3.820977736407398,7.644207999999999,3,category,11-01-2024,,,4.266458099237775
3279.012315,4659.945091065873,3626.363683,4,category,11-01-2024,,,3904.34567072778
87.62822600000001,50.98430876038981,79.649936,5,category,11-01-2024,,,76.43496078392347
0.7876460000000001,1.2362754101378428,1.1774049999999998,6,category,11-01-2024,,,0.9927332666480795
0.003216,0.024121600779887172,0.006109,7,category,11-01-2024,,,0.045175357172436766
-0.868724,1.5217255003890702,0.927633,8,category,11-01-2024,,,1.0839316525925107
0.0,0.8472333548387101,0.0,9,category,11-01-2024,,,0.8472333548387101
8.452211,11.984425379061692,16.956946000000002,10,category,11-01-2024,,,9.731002911945968
24.767187627119142,15.343561673052514,10.283318,11,category,11-01-2024,,,20.6858974582373
57.542908,40.7524630359641,22.565675,12,category,11-01-2024,,,30.406009735043476
0.76305,0.6044196774193549,0.827776,13,category,11-01-2024,,,0.7505912903225808
25.067558999999996,42.71422214475337,41.235082999999996,14,category,11-01-2024,,,35.288864972566365
0.15503999999999998,0.17152352595779854,0.219984,15,category,11-01-2024,,,0.2513943100037044
102.732522,138.55280045961757,109.522941,16,category,11-01-2024,,,106.10573978132325
12.202642,11.40781393548387,12.32529,17,category,11-01-2024,,,11.36515935483871
,0.0,0.0,18,category,11-01-2024,,,0.0
,0.0,0.0,19,category,11-01-2024,,,0.0
,0.0,0.0,20,category,11-01-2024,,,0.0
159.406706,180.82698899597074,133.016249,21,category,11-01-2024,,,137.59568116895923
1167.3975293051,1629.5457557881716,1603.9930749322032,1,subcategory,11-01-2024,,,1308.7957015564205
1246.8256808644066,1462.2292043135578,1650.0073595169492,2,subcategory,11-01-2024,,,1541.0542635990469
0.0,0.0,0.0,3,subcategory,11-01-2024,,,0.0
0.0,0.0,0.0,4,subcategory,11-01-2024,,,0.0
0.0,102.76250168924236,0.0,5,subcategory,11-01-2024,,,105.83814371088211
138.6813693983051,40.67238289161122,57.242641288135594,6,subcategory,11-01-2024,,,0.21161437937615662
113.40884093220339,144.6300164173843,165.99966026271187,7,subcategory,11-01-2024,,,111.4079674749417
10.405979,17.777621235894234,13.786211,8,subcategory,11-01-2024,,,14.14151662689799
-23.821291,0.9836865757938491,3.010649,9,subcategory,11-01-2024,,,1.1314437138612523
1.646314,1.0641455031585139,1.59246,10,subcategory,11-01-2024,,,1.2689729708860629
0.0,0.0,0.0,11,subcategory,11-01-2024,,,0.0
0.001322,0.0,0.002114,12,subcategory,11-01-2024,,,0.0019307510144326624
0.361898,0.33381056311930013,0.354525,13,subcategory,11-01-2024,,,0.38926750462029447
2.047239,1.4393350943357346,2.68446,14,subcategory,11-01-2024,,,1.4748431588557327
0.268837,0.6744716233702394,0.593644,15,subcategory,11-01-2024,,,0.32348253305160884
6.413568644067797,12.057360262589016,79.056292,16,subcategory,11-01-2024,,,6.087977914481063
0.0,0.0,0.0,17,subcategory,11-01-2024,,,0.0
0.0,0.0,0.0,18,subcategory,11-01-2024,,,0.0
0.0,0.0,0.0,19,subcategory,11-01-2024,,,0.0
80.94582035593221,38.252476874430556,0.0,20,subcategory,11-01-2024,,,70.0235003363908
0.0,0.0,0.0,21,subcategory,11-01-2024,,,0.0
0.136991,0.284532040253512,0.250063,22,subcategory,11-01-2024,,,0.1609832964375317
0.447308,0.6777316930648762,0.583302,23,subcategory,11-01-2024,,,0.3413763229162135
0.0,0.0,0.0,24,subcategory,11-01-2024,,,0.0
0.0,0.0,0.0,25,subcategory,11-01-2024,,,0.0
0.031623,0.005112577543293494,0.014532,26,subcategory,11-01-2024,,,0.038808836254108865
0.004124,0.009872368057339218,0.017712,27,subcategory,11-01-2024,,,0.005572923593133953
0.077084,0.19594710153763867,0.246466,28,subcategory,11-01-2024,,,0.07330183285452525
0.090516,0.06307962968118315,0.06533,29,subcategory,11-01-2024,,,0.37269005459256616
0.003216,0.005500272229052865,0.006109,30,subcategory,11-01-2024,,,0.005170267408250534
0.0,0.0,0.0,31,subcategory,11-01-2024,,,0.0
0.0,0.0,0.0,32,subcategory,11-01-2024,,,0.0
0.0,0.0,0.0,33,subcategory,11-01-2024,,,0.0
0.0,0.0,0.0,34,subcategory,11-01-2024,,,0.0
0.0,0.018621328550834308,0.0,35,subcategory,11-01-2024,,,0.04000508976418623
,0.0,0.0,36,subcategory,11-01-2024,,,0.0
,0.8472333548387101,0.0,37,subcategory,11-01-2024,,,0.8472333548387101
,0.0,0.0,38,subcategory,11-01-2024,,,0.0
2.930336,2.461699410425933,2.575979,39,subcategory,11-01-2024,,,2.653294320888153
4.949535,6.407872602917073,6.118762,40,subcategory,11-01-2024,,,4.783141583508781
0.0,0.0,0.0,41,subcategory,11-01-2024,,,0.0
0.0,0.0,0.0,42,subcategory,11-01-2024,,,0.0
0.0,0.0,0.0,43,subcategory,11-01-2024,,,0.0
0.033303,0.029719533945410603,0.047624,44,subcategory,11-01-2024,,,0.031096877457570088
1.734659,1.8384301034945536,1.683187,45,subcategory,11-01-2024,,,1.0892819143475305
-1.195622,1.2467037282787214,6.531394,46,subcategory,11-01-2024,,,1.1741882157439318
24.767187627119142,15.343561673052514,10.283318,47,subcategory,11-01-2024,,,20.6858974582373
0.0,0.0,0.0,48,subcategory,11-01-2024,,,0.0
0.0,0.0,0.0,49,subcategory,11-01-2024,,,0.0
0.0,0.0,0.0,50,subcategory,11-01-2024,,,0.0
0.0,0.0,0.0,51,subcategory,11-01-2024,,,0.0
0.0,0.0,0.0,52,subcategory,11-01-2024,,,0.0
0.0,0.0,0.0,53,subcategory,11-01-2024,,,0.0
0.76305,0.6044196774193549,0.827776,54,subcategory,11-01-2024,,,0.7505912903225808
0.0,0.0,0.0,55,subcategory,11-01-2024,,,0.0
8.17506980508471,13.403217763079212,15.415424830508389,56,subcategory,11-01-2024,,,15.462825297799911
13.66089086440681,25.02343287629354,21.323357889830596,57,subcategory,11-01-2024,,,15.442209979315304
0.0,0.0,0.0,58,subcategory,11-01-2024,,,0.0
0.0,0.0,0.0,59,subcategory,11-01-2024,,,0.0
0.0,0.0,0.0,60,subcategory,11-01-2024,,,0.0
0.7782227627118644,0.3865468126352812,0.45301989830508477,61,subcategory,11-01-2024,,,0.6373071725384419
1.6440985677966098,2.1811700573934774,2.35683338135593,62,subcategory,11-01-2024,,,3.6685210823477856
0.809277,1.7198546353518587,1.686447,63,subcategory,11-01-2024,,,0.07800144056491876
-0.138803,0.024670038210903127,-0.090492,64,subcategory,11-01-2024,,,-0.2860688789184612
0.145362,0.06009614443048006,0.137109,65,subcategory,11-01-2024,,,0.2665965409447749
0.0,0.0,0.0,66,subcategory,11-01-2024,,,0.0
2.5e-05,1.5611263542823022e-05,5.2e-05,67,subcategory,11-01-2024,,,0.00016866003701828113
0.061431,0.029820245337911964,0.059773,68,subcategory,11-01-2024,,,0.1272963958953999
0.087025,0.05692148671496056,0.113542,69,subcategory,11-01-2024,,,0.1434015920449725
0.0,0.066102,0.0,70,subcategory,11-01-2024,,,0.0
1.440681,0.998088387096774,1.193222,71,subcategory,11-01-2024,,,1.2219812903225806
10.752703,10.343623548387097,11.111432,72,subcategory,11-01-2024,,,10.143178064516128
0.0,0.0,0.0,73,subcategory,11-01-2024,,,0.0
0.009258,0.0,0.020636,74,subcategory,11-01-2024,,,0.0
0.0,0.0,0.0,75,subcategory,11-01-2024,,,0.0
0.0,0.0,0.0,76,subcategory,11-01-2024,,,0.0
0.0,0.0,0.0,77,subcategory,11-01-2024,,,0.0
3056.981007,3801.458955758316,4149.079987,160,type,12-01-2024,,,3945.7069838963857
9.894918,13.385019183391028,13.772042,161,type,12-01-2024,,,9.638622808629746
15.218501,21.380515501491328,21.136091,162,type,12-01-2024,,,18.46816810078679
184.061517,195.9709648692792,171.747142,163,type,12-01-2024,,,191.19562360516372
0.6130320000000001,2.1606576180988943,1.245915,164,type,12-01-2024,,,1.9218548917366998
28.919053372881407,28.839835742477682,19.950264603371142,165,type,12-01-2024,,,31.89666150695808
41.93192599999999,53.881270372272205,58.283404000000004,166,type,12-01-2024,,,45.80716063601267
,,0.0,167,type,12-01-2024,,,
,,0.0,168,type,12-01-2024,,,
170.248277,212.9483973801558,184.84312599999998,169,type,12-01-2024,,,212.78051545198008
0.048917,0.03089285983704524,0.08349,170,type,12-01-2024,,,0.09045300329775381
0.396168,0.39140548983379175,0.54962,171,type,12-01-2024,,,0.4439923227078811
2.866714,3.3153143632250384,4.369992,172,type,12-01-2024,,,3.5748294849532716
-4.778149,-9.234761500000001,-16.33802,1,category,12-01-2024,,,-15.00414
2946.7585990000002,3753.154939632092,4058.305716,2,category,12-01-2024,,,3874.0159384879903
6.9078170000000005,4.08245337459065,7.358368,3,category,12-01-2024,,,4.393897413710213
3516.797076,4889.241701784186,3911.912215,4,category,12-01-2024,,,4334.578135892814
108.09273999999999,53.456324251632935,99.753923,5,category,12-01-2024,,,82.30128799468523
0.6050500000000001,1.2890826663698027,1.246517,6,category,12-01-2024,,,1.029292452215449
0.007982,0.024340596890381525,-0.000602,7,category,12-01-2024,,,0.045328084682540855
0.848372,1.5966033139392364,1.212769,8,category,12-01-2024,,,1.2033735837876955
0.0,0.84723435483871,0.0,9,category,12-01-2024,,,0.84723435483871
13.99459537288141,12.831563765921263,11.597090000000001,10,category,12-01-2024,,,10.39013319181727
14.153505,15.383704976556418,7.5672796033711425,11,category,12-01-2024,,,20.730917315140807
31.779593,42.75772307014028,11.971803000000001,12,category,12-01-2024,,,33.75654619553606
0.770953,0.624567,0.785895,13,category,12-01-2024,,,0.775611
28.331707999999992,41.886438000197316,45.007373,14,category,12-01-2024,,,33.74945379625075
0.17967299999999997,0.20675797207488755,0.20501599999999998,15,category,12-01-2024,,,0.3137088397619243
114.188432,145.37041030910495,100.548464,16,category,12-01-2024,,,117.79787409630798
13.420545,11.7880744,13.071015000000001,17,category,12-01-2024,,,11.743998000000001
,0.0,0.0,18,category,12-01-2024,,,0.0
,0.0,0.0,19,category,12-01-2024,,,0.0
,0.0,0.0,20,category,12-01-2024,,,0.0
146.81639700000002,189.72473669318447,113.73303599999998,21,category,12-01-2024,,,152.75779387563173
1141.9004097372879,1804.0527750304157,1893.7149390677966,1,subcategory,12-01-2024,,,1602.8181714323216
1490.934565466102,1605.0016438046116,1877.1052550677966,2,subcategory,12-01-2024,,,1997.9594314614205
0.0,0.0,0.0,3,subcategory,12-01-2024,,,0.0
0.0,0.0,0.0,4,subcategory,12-01-2024,,,0.0
0.0,122.279840162086,0.0,5,subcategory,12-01-2024,,,137.21795684317584
154.39704629661017,44.89011258527287,86.43420098305084,6,subcategory,12-01-2024,,,0.2743556506050789
148.9702625,158.9994344351663,186.13119088135593,7,subcategory,12-01-2024,,,119.57654767322377
10.556315,17.931133614539444,14.92013,8,subcategory,12-01-2024,,,16.16947542724351
2.809565,1.0407253093589732,2.717473,9,subcategory,12-01-2024,,,1.1759226501041158
1.834092,1.1522749396404128,1.578135,10,subcategory,12-01-2024,,,1.3217487005477242
0.0,0.0,0.0,11,subcategory,12-01-2024,,,0.0
0.001475,0.0,0.00211,12,subcategory,12-01-2024,,,0.0019266826137295846
0.264324,0.3614516497642638,0.346627,13,subcategory,12-01-2024,,,0.39379919035900984
1.998361,1.5280014758270004,2.714023,14,subcategory,12-01-2024,,,1.5005001900856332
0.196758,0.7004387808699934,0.63464,15,subcategory,12-01-2024,,,0.33593661057409574
7.010947457627118,12.833050439482244,99.119283,16,subcategory,12-01-2024,,,6.4167287218630396
0.0,0.0,0.0,17,subcategory,12-01-2024,,,0.0
0.0,0.0,0.0,18,subcategory,12-01-2024,,,0.0
0.0,0.0,0.0,19,subcategory,12-01-2024,,,0.0
100.88503454237288,39.9228350312807,0.0,20,subcategory,12-01-2024,,,75.54862266224809
0.0,0.0,0.0,21,subcategory,12-01-2024,,,0.0
0.16988,0.29668576929532336,0.273046,22,subcategory,12-01-2024,,,0.16691179546686155
0.31176,0.706679615183563,0.605263,23,subcategory,12-01-2024,,,0.35385174916574524
0.0,0.0,0.0,24,subcategory,12-01-2024,,,0.0
0.0,0.0,0.0,25,subcategory,12-01-2024,,,0.0
0.069102,0.0053308671806183905,0.010277,26,subcategory,12-01-2024,,,0.040433131719232525
0.007712,0.0102954086104655,0.001593,27,subcategory,12-01-2024,,,0.0056794361265561566
0.043568,0.20431694268626607,0.190923,28,subcategory,12-01-2024,,,0.07600130450495692
0.003028,0.06577406341356642,0.165415,29,subcategory,12-01-2024,,,0.38641503523209664
0.007982,0.005550208310651024,-0.000602,30,subcategory,12-01-2024,,,0.005187746895237661
0.0,0.0,0.0,31,subcategory,12-01-2024,,,0.0
0.0,0.0,0.0,32,subcategory,12-01-2024,,,0.0
0.0,0.0,0.0,33,subcategory,12-01-2024,,,0.0
0.0,0.0,0.0,34,subcategory,12-01-2024,,,0.0
0.0,0.0187903885797305,0.0,35,subcategory,12-01-2024,,,0.04014033778730319
,0.0,0.0,36,subcategory,12-01-2024,,,0.0
,0.84723435483871,0.0,37,subcategory,12-01-2024,,,0.84723435483871
,0.0,0.0,38,subcategory,12-01-2024,,,0.0
2.473229,2.5798131632612953,2.793411,39,subcategory,12-01-2024,,,2.779380798751617
4.25184,6.9765418345841,6.917091,40,subcategory,12-01-2024,,,5.204856176745089
0.0,0.0,0.0,41,subcategory,12-01-2024,,,0.0
0.0,0.0,0.0,42,subcategory,12-01-2024,,,0.0
0.0,0.0,0.0,43,subcategory,12-01-2024,,,0.0
0.016633,0.03235727578425618,0.040022,44,subcategory,12-01-2024,,,0.034324088591539806
1.272097,1.9512205018513176,1.717121,45,subcategory,12-01-2024,,,1.1556036726878223
5.980796372881411,1.291630990440295,0.12944500000000003,46,subcategory,12-01-2024,,,1.2159684550412009
14.153505,15.383704976556418,7.5672796033711425,47,subcategory,12-01-2024,,,20.730917315140807
0.0,0.0,0.0,48,subcategory,12-01-2024,,,0.0
0.0,0.0,0.0,49,subcategory,12-01-2024,,,0.0
0.0,0.0,0.0,50,subcategory,12-01-2024,,,0.0
0.0,0.0,0.0,51,subcategory,12-01-2024,,,0.0
0.0,0.0,0.0,52,subcategory,12-01-2024,,,0.0
0.0,0.0,0.0,53,subcategory,12-01-2024,,,0.0
0.770953,0.624567,0.785895,54,subcategory,12-01-2024,,,0.775611
0.0,0.0,0.0,55,subcategory,12-01-2024,,,0.0
7.039727279661079,14.051535591856934,16.897714016949177,56,subcategory,12-01-2024,,,16.18761495486638
17.248740864406713,23.798940024971465,23.28698110169489,57,subcategory,12-01-2024,,,14.768352634196217
0.0,0.0,0.0,58,subcategory,12-01-2024,,,0.0
0.0,0.0,0.0,59,subcategory,12-01-2024,,,0.0
0.0,0.0,0.0,60,subcategory,12-01-2024,,,0.0
0.8200722203389831,0.36773968575704064,0.6299534322033898,61,subcategory,12-01-2024,,,0.5025593448147856
1.9398486355932198,1.3158528698474443,2.3946684491525403,62,subcategory,12-01-2024,,,2.209978895400616
1.283319,2.3523698277644334,1.798056,63,subcategory,12-01-2024,,,0.0809479669727488
-0.120059,0.029299276185514648,-0.109292,64,subcategory,12-01-2024,,,-0.33926338091590125
0.162405,0.07421077758086789,0.136534,65,subcategory,12-01-2024,,,0.328741236707485
0.0,0.0,0.0,66,subcategory,12-01-2024,,,0.0
2e-05,1.9277842489095874e-05,2.8e-05,67,subcategory,12-01-2024,,,0.00020797535090301633
0.042036,0.03682405277660871,0.061653,68,subcategory,12-01-2024,,,0.15696968335282355
0.095271,0.06640458768940721,0.116093,69,subcategory,12-01-2024,,,0.167053325266614
0.0,0.0683054,0.0,70,subcategory,12-01-2024,,,0.0
1.593223,1.0313579999999998,1.203392,71,subcategory,12-01-2024,,,1.262714
11.819568,10.688411,11.850949,72,subcategory,12-01-2024,,,10.481284
0.0,0.0,0.0,73,subcategory,12-01-2024,,,0.0
0.007754,0.0,0.016674,74,subcategory,12-01-2024,,,0.0
0.0,0.0,0.0,75,subcategory,12-01-2024,,,0.0
0.0,0.0,0.0,76,subcategory,12-01-2024,,,0.0
0.0,0.0,0.0,77,subcategory,12-01-2024,,,0.0
